Time (s),Current I(t) [A],Magnetic Field B(t) [T],Force F(t) [N],Net Lift [N]
0.0,0.0,0.0,1242780.7196837445,1242748.3577387442
3.0030030030030027e-07,0.14935599634581417,0.00023902350233353346,1242781.4391553497,1242749.0772103497
6.006006006006005e-07,0.29870973517475413,0.0004781512065620489,1242782.8777744756,1242750.5158294756
9.009009009009009e-07,0.44806118972547926,0.000717383065748013,1242784.3157375988,1242751.9537925988
1.201201201201201e-06,0.5974103332374624,0.0009567190318193246,1242785.7530290524,1242753.3910840524
1.5015015015015013e-06,0.7467571389509993,0.0011961590555693944,1242787.1896331704,1242754.8276881704
1.8018018018018017e-06,0.8961015801072088,0.0014357030866572213,1242788.6255342881,1242756.263589288
2.1021021021021017e-06,1.0454436299480325,0.0016753510736074772,1242790.060716785,1242757.6987717848
2.402402402402402e-06,1.194783261720087,0.0019151029638167728,1242791.495165186,1242759.1332201858
2.7027027027027026e-06,1.344120448683897,0.0021549587035685743,1242792.9288637808,1242760.5669187808
3.0030030030030026e-06,1.4934551640832412,0.00239491823798418,1242794.361796692,1242761.9998516918
3.303303303303303e-06,1.642787381160475,0.0026349815110473887,1242795.793948239,1242763.432003239
3.6036036036036035e-06,1.7921170731589835,0.0028751484656085627,1242797.2253027712,1242764.863357771
3.903903903903904e-06,1.9414442133231824,0.00311541904338477,1242798.6558446398,1242766.2938996395
4.2042042042042035e-06,2.0907687748985193,0.003355793184959936,1242800.085558198,1242767.7236131977
4.504504504504504e-06,2.2400907311314717,0.0035962708297850006,1242801.5144278011,1242769.1524828011
4.804804804804804e-06,2.389410055269548,0.0038368519161780896,1242802.9424378078,1242770.5804928078
5.105105105105105e-06,2.5387267205612876,0.004077536381324694,1242804.3695725785,1242772.0076275782
5.405405405405405e-06,2.688040700256259,0.004318324161277849,1242805.7958164755,1242773.4338714755
5.705705705705705e-06,2.8373519676050645,0.004559215190958351,1242807.2211538658,1242774.8592088656
6.006006006006005e-06,2.9866604958593355,0.004800209404154941,1242808.6455691173,1242776.2836241173
6.306306306306306e-06,3.135966258271733,0.005041306733524533,1242810.0690466028,1242777.7071016028
6.606606606606606e-06,3.285269228095951,0.005282507110592439,1242811.4915706972,1242779.129625697
6.9069069069069065e-06,3.434569378586713,0.005523810465752603,1242812.9131257785,1242780.5511807783
7.207207207207207e-06,3.5838666829997723,0.005765216728267838,1242814.3336962287,1242781.9717512287
7.5075075075075065e-06,3.733161114591915,0.006006725826270086,1242815.7532664333,1242783.3913214332
7.807807807807808e-06,3.882452646620958,0.006248337686760687,1242817.1718207812,1242784.8098757812
8.108108108108107e-06,4.031741252345746,0.00649005223561063,1242818.5893436656,1242786.2273986654
8.408408408408407e-06,4.181026905026156,0.006731869397560852,1242820.0058194832,1242787.643874483
8.708708708708708e-06,4.330309577923099,0.00697378909622253,1242821.4212326345,1242789.0592876344
9.009009009009008e-06,4.479589244298511,0.007215811254077367,1242822.8355675251,1242790.473622525
9.309309309309309e-06,4.628865877415365,0.007457935792477909,1242824.2488085644,1242791.8868635644
9.609609609609609e-06,4.778139450537658,0.007700162631647865,1242825.660940166,1242793.298995166
9.909909909909908e-06,4.927409936930421,0.007942491690682429,1242827.0719467492,1242794.710001749
1.021021021021021e-05,5.07667730985972,0.008184922887548626,1242828.4818127363,1242796.1198677362
1.0510510510510509e-05,5.225941542592644,0.008427456139085649,1242829.8905225557,1242797.5285775557
1.081081081081081e-05,5.375202608397317,0.008670091361005215,1242831.2980606407,1242798.9361156404
1.111111111111111e-05,5.524460480542894,0.008912828467891942,1242832.704411429,1242800.3424664289
1.141141141141141e-05,5.6737151322995585,0.009155667373203707,1242834.1095593642,1242801.7476143641
1.171171171171171e-05,5.822966536938531,0.009398607989272053,1242835.5134888953,1242803.151543895
1.201201201201201e-05,5.97221466773205,0.009641650227302533,1242836.916184476,1242804.5542394759
1.2312312312312312e-05,6.1214594979533965,0.009884793997375177,1242838.3176305664,1242805.9556855662
1.2612612612612611e-05,6.27070100087688,0.01012803920844486,1242839.7178116322,1242807.3558666322
1.291291291291291e-05,6.419939149777838,0.01037138576834174,1242841.1167121448,1242808.7547671448
1.3213213213213212e-05,6.56917391793264,0.010614833583771669,1242842.5143165817,1242810.1523715816
1.3513513513513512e-05,6.718405278618684,0.010858382560316656,1242843.9106094264,1242811.5486644262
1.3813813813813813e-05,6.867633205114404,0.011102032602435304,1242845.3055751687,1242812.9436301687
1.4114114114114113e-05,7.016857670699257,0.011345783613463264,1242846.6991983051,1242814.3372533051
1.4414414414414414e-05,7.166078648653745,0.011589635495613726,1242848.0914633381,1242815.7295183379
1.4714714714714713e-05,7.315296112259379,0.011833588149977842,1242849.482354777,1242817.120409777
1.5015015015015013e-05,7.464510034798722,0.012077641476525274,1242850.8718571386,1242818.5099121386
1.5315315315315313e-05,7.613720389555352,0.012321795374104652,1242852.2599549452,1242819.8980099452
1.5615615615615616e-05,7.762927149813893,0.01256604974044409,1242853.6466327272,1242821.2846877272
1.5915915915915915e-05,7.9121302888599825,0.012810404472151683,1242855.031875022,1242822.669930022
1.6216216216216215e-05,8.061329779980301,0.01305485946471606,1242856.4156663741,1242824.053721374
1.6516516516516514e-05,8.210525596462553,0.013299414612506883,1242857.797991335,1242825.4360463347
1.6816816816816814e-05,8.359717711595483,0.013544069808775422,1242859.1788344646,1242826.8168894646
1.7117117117117117e-05,8.50890609866886,0.013788824945655078,1242860.5581803299,1242828.1962353298
1.7417417417417416e-05,8.658090730973475,0.01403367991416194,1242861.9360135058,1242829.5740685058
1.7717717717717716e-05,8.807271581801167,0.014278634604195378,1242863.3123185749,1242830.9503735749
1.8018018018018016e-05,8.956448624444795,0.014523688904538607,1242864.6870801286,1242832.3251351286
1.8318318318318315e-05,9.10562183219825,0.01476884270285927,1242866.0602827657,1242833.6983377656
1.8618618618618618e-05,9.254791178356456,0.015014095885710054,1242867.4319110934,1242835.0699660932
1.8918918918918918e-05,9.403956636215366,0.015259448338529253,1242868.8019497276,1242836.4400047276
1.9219219219219217e-05,9.553118179071966,0.015504899945641437,1242870.1703832927,1242837.8084382925
1.9519519519519517e-05,9.70227578022427,0.01575045059025804,1242871.5371964215,1242839.1752514215
1.9819819819819816e-05,9.85142941297132,0.015996100154478,1242872.9023737558,1242840.5404287558
2.012012012012012e-05,10.0005790506132,0.016241848519288414,1242874.265899947,1242841.903954947
2.042042042042042e-05,10.149724666451014,0.01648769556456517,1242875.6277596536,1242843.2658146536
2.072072072072072e-05,10.2988662337869,0.016733641169073613,1242876.9879375459,1242844.6259925459
2.1021021021021018e-05,10.448003725924025,0.01697968521046924,1242878.3464183016,1242845.9844733016
2.1321321321321318e-05,10.59713711616659,0.017225827565298335,1242879.7031866086,1242847.3412416084
2.162162162162162e-05,10.746266377819829,0.017472068108998706,1242881.058227164,1242848.696282164
2.192192192192192e-05,10.895391484189997,0.01771840671590032,1242882.4115246749,1242850.0495796748
2.222222222222222e-05,11.044512408584389,0.017964843259226086,1242883.763115714,1242851.4011707138
2.252252252252252e-05,11.193629128927533,0.018211377618602795,1242885.1131907753,1242852.7512457753
2.282282282282282e-05,11.342741636839301,0.01845800969484289,1242886.461700939,1242854.099755939
2.3123123123123122e-05,11.491849907234414,0.018704739360488037,1242887.8084217273,1242855.4464767273
2.342342342342342e-05,11.640953913100645,0.018951566483839256,1242889.153316261,1242856.791371261
2.372372372372372e-05,11.790053627428854,0.019198490932096975,1242890.4963693472,1242858.1344243472
2.402402402402402e-05,11.939149023212984,0.019445512571361834,1242891.8375658041,1242859.475620804
2.432432432432432e-05,12.088240073450061,0.01969263126663545,1242893.1768904603,1242860.81494546
2.4624624624624623e-05,12.237326751140198,0.01993984688182118,1242894.5143281554,1242862.1523831552
2.4924924924924923e-05,12.386409029286588,0.02018715927972493,1242895.8498637401,1242863.4879187401
2.5225225225225222e-05,12.535486880895508,0.020434568322055976,1242897.1834820763,1242864.821537076
2.5525525525525522e-05,12.684560278976324,0.020682073869427726,1242898.5151680366,1242866.1532230366
2.582582582582582e-05,12.83362919654148,0.02092967578135859,1242899.8449065057,1242867.4829615057
2.6126126126126125e-05,12.982693606606507,0.021177373916272772,1242901.1726823794,1242868.8107373794
2.6426426426426424e-05,13.131753482190017,0.021425168131501124,1242902.4984805651,1242870.136535565
2.6726726726726724e-05,13.28080879631371,0.021673058283281987,1242903.822285982,1242871.460340982
2.7027027027027023e-05,13.429859522002367,0.021921044226762054,1242905.1440835616,1242872.7821385616
2.7327327327327323e-05,13.578905632283854,0.022169125815997236,1242906.4638582468,1242874.1019132468
2.7627627627627626e-05,13.727947100189123,0.022417302903953516,1242907.7815949926,1242875.4196499926
2.7927927927927926e-05,13.8769838987522,0.022665575342507856,1242909.097278767,1242876.735333767
2.8228228228228225e-05,14.02601600101021,0.02291394298244907,1242910.41089455,1242878.0489495497
2.8528528528528525e-05,14.17504338000335,0.02316240567347875,1242911.7224273335,1242879.3604823335
2.8828828828828828e-05,14.32406600877491,0.02341096326421214,1242913.0318621227,1242880.6699171227
2.9129129129129127e-05,14.473083860371249,0.023659615602179086,1242914.3391839354,1242881.9772389354
2.9429429429429427e-05,14.62209690784183,0.023908362533824952,1242915.6443778025,1242883.2824328025
2.9729729729729726e-05,14.771105124239181,0.02415720390451155,1242916.9474287673,1242884.5854837673
3.0030030030030026e-05,14.92010848261893,0.02440613955851811,1242918.2483218869,1242885.8863768869
3.033033033033033e-05,15.069106956039779,0.0246551693390422,1242919.5470422313,1242887.1850972313
3.0630630630630625e-05,15.218100517563512,0.02490429308820072,1242920.8435748836,1242888.4816298836
3.0930930930930925e-05,15.367089140255008,0.025153510647030853,1242922.137904941,1242889.7759599409
3.123123123123123e-05,15.51607279718222,0.025402821855491062,1242923.430017514,1242891.068072514
3.153153153153153e-05,15.665051461416187,0.02565222655246208,1242924.7198977268,1242892.3579527268
3.183183183183183e-05,15.81402510603103,0.025901724575747898,1242926.0075307176,1242893.6455857174
3.213213213213213e-05,15.962993704103962,0.026151315762076778,1242927.2929016384,1242894.9309566382
3.243243243243243e-05,16.111957228715273,0.026400999947102287,1242928.5759956553,1242896.2140506553
3.273273273273273e-05,16.260915652948338,0.026650776965404296,1242929.8567979492,1242897.4948529492
3.303303303303303e-05,16.409868949889614,0.02690064665049003,1242931.1352937147,1242898.7733487147
3.333333333333333e-05,16.558817092628647,0.02715060883479513,1242932.411468161,1242900.049523161
3.363363363363363e-05,16.707760054258063,0.02740066334968465,1242933.685306512,1242901.323361512
3.393393393393393e-05,16.856697807873577,0.02765081002545421,1242934.9567940067,1242902.5948490067
3.4234234234234234e-05,17.00563032657398,0.02790104869133095,1242936.225915898,1242903.863970898
3.453453453453453e-05,17.154557583461145,0.02815137917547471,1242937.4926574554,1242905.1307124554
3.483483483483483e-05,17.30347955164004,0.028401801304979088,1242938.7570039611,1242906.3950589611
3.513513513513513e-05,17.452396204218715,0.028652314905872514,1242940.018940715,1242907.6569957149
3.543543543543543e-05,17.601307514308296,0.028902919803119376,1242941.2784530304,1242908.9165080304
3.573573573573573e-05,17.750213455022994,0.029153615820621138,1242942.5355262375,1242910.1735812374
3.603603603603603e-05,17.899113999480115,0.029404402781217455,1242943.7901456808,1242911.4282006808
3.633633633633633e-05,18.048009120800035,0.029655280506687306,1242945.042296722,1242912.6803517218
3.663663663663663e-05,18.19689879210622,0.029906248817750152,1242946.291964737,1242913.9300197368
3.693693693693693e-05,18.345782986525222,0.030157307534067045,1242947.5391351185,1242915.1771901185
3.7237237237237236e-05,18.494661677186677,0.030408456474241854,1242948.7837932757,1242916.4218482757
3.7537537537537536e-05,18.643534837223296,0.030659695455822353,1242950.0259246333,1242917.6639796332
3.7837837837837835e-05,18.792402439770886,0.030911024295301473,1242951.2655146322,1242918.9035696322
3.8138138138138135e-05,18.941264457968323,0.031162442808118432,1242952.5025487305,1242920.1406037302
3.8438438438438435e-05,19.090120864957587,0.03141395080865997,1242953.737012402,1242921.375067402
3.8738738738738734e-05,19.238971633883725,0.03166554811026151,1242954.9688911373,1242922.6069461373
3.9039039039039034e-05,19.387816737894873,0.0319172345252084,1242956.1981704447,1242923.8362254445
3.933933933933933e-05,19.536656150142253,0.032169009864737134,1242957.4248358484,1242925.0628908481
3.963963963963963e-05,19.685489843780175,0.03242087393903659,1242958.64887289,1242926.28692789
3.993993993993994e-05,19.834317791966022,0.03267282655724919,1242959.8702671283,1242927.508322128
4.024024024024024e-05,19.983139967860264,0.03292486752747227,1242961.089004139,1242928.727059139
4.054054054054054e-05,20.13195634462646,0.03317699665675923,1242962.305069516,1242929.943124516
4.084084084084084e-05,20.28076689543125,0.033429213751120866,1242963.51844887,1242931.15650387
4.114114114114114e-05,20.429571593444358,0.033681518615526616,1242964.72912783,1242932.3671828297
4.144144144144144e-05,20.57837041183859,0.03393391105390583,1242965.9370920411,1242933.575147041
4.174174174174174e-05,20.72716332378984,0.03418639086914906,1242967.1423271683,1242934.7803821682
4.2042042042042036e-05,20.87595030247708,0.034438957863109416,1242968.3448188943,1242935.982873894
4.2342342342342336e-05,21.024731321082374,0.03469161183660378,1242969.5445529183,1242937.182607918
4.2642642642642636e-05,21.173506352790863,0.03494435258941419,1242970.7415149594,1242938.3795699591
4.294294294294294e-05,21.32227537079078,0.03519717992028915,1242971.935690754,1242939.573745754
4.324324324324324e-05,21.471038348273424,0.035450093626944935,1242973.1270660579,1242940.7651210579
4.354354354354354e-05,21.619795258433193,0.03570309350606696,1242974.3156266452,1242941.953681645
4.384384384384384e-05,21.768546074467576,0.03595617935331114,1242975.501358308,1242943.139413308
4.414414414414414e-05,21.91729076957713,0.036209350963305235,1242976.6842468577,1242944.3223018576
4.444444444444444e-05,22.06602931696549,0.03646260812965017,1242977.8642781249,1242945.5023331246
4.474474474474474e-05,22.214761689839403,0.03671595064492152,1242979.041437959,1242946.679492959
4.504504504504504e-05,22.36348786140868,0.0369693783006708,1242980.2157122286,1242947.8537672283
4.534534534534534e-05,22.51220780488621,0.03722289088742685,1242981.3870868215,1242949.0251418215
4.564564564564564e-05,22.66092149348798,0.03747648819469734,1242982.555547645,1242950.1936026448
4.5945945945945944e-05,22.80962890043306,0.03773017001097008,1242983.721080626,1242951.359135626
4.6246246246246244e-05,22.958329998943597,0.03798393612371446,1242984.883671711,1242952.521726711
4.6546546546546544e-05,23.10702476224482,0.038237786319382905,1242986.043306866,1242953.681361866
4.684684684684684e-05,23.255713163565055,0.03849172038341232,1242987.1999720775,1242954.8380270773
4.714714714714714e-05,23.404395176135697,0.038745738100225455,1242988.3536533508,1242955.9917083508
4.744744744744744e-05,23.55307077319123,0.038999839253232436,1242989.5043367133,1242957.1423917133
4.774774774774774e-05,23.70173992796923,0.03925402362483221,1242990.6520082108,1242958.2900632105
4.804804804804804e-05,23.850402613710344,0.039508290996413994,1242991.7966539096,1242959.4347089096
4.834834834834834e-05,23.999058803658315,0.03976264114835876,1242992.9382598978,1242960.5763148977
4.864864864864864e-05,24.147708471059957,0.04001707386004069,1242994.076812283,1242961.7148672827
4.894894894894895e-05,24.29635158916518,0.0402715889098288,1242995.2122971932,1242962.8503521932
4.924924924924925e-05,24.44498813122697,0.04052618607508821,1242996.3447007781,1242963.9827557781
4.9549549549549546e-05,24.5936180705014,0.040780865132181904,1242997.474009208,1242965.112064208
4.9849849849849846e-05,24.74224138024762,0.041035625856472066,1242998.600208674,1242966.238263674
5.0150150150150145e-05,24.89085803372788,0.04129046802232174,1242999.723285389,1242967.361340389
5.0450450450450445e-05,25.0394680042075,0.041545391403096224,1243000.8432255858,1242968.4812805855
5.0750750750750745e-05,25.188071264954885,0.04180039577116475,1243001.9600155202,1242969.5980705202
5.1051051051051044e-05,25.33666778924153,0.042055480897901974,1243003.0736414685,1242970.7116964683
5.1351351351351344e-05,25.485257550342006,0.04231064655368951,1243004.1840897289,1242971.8221447286
5.165165165165164e-05,25.633840521533983,0.042565892507917584,1243005.2913466215,1242972.9294016212
5.195195195195195e-05,25.7824166760982,0.04282121852898652,1243006.3953984876,1242974.0334534873
5.225225225225225e-05,25.93098598731848,0.043076624384308364,1243007.4962316912,1242975.1342866912
5.255255255255255e-05,26.07954842848173,0.04333210984030848,1243008.5938326183,1242976.2318876183
5.285285285285285e-05,26.228103972877957,0.04358767466242719,1243009.6881876767,1242977.3262426765
5.315315315315315e-05,26.376652593800234,0.04384331861512129,1243010.779283296,1242978.417338296
5.345345345345345e-05,26.525194264544723,0.04409904146186576,1243011.8671059299,1242979.5051609299
5.375375375375375e-05,26.67372895841067,0.044354842965155336,1243012.9516420527,1242980.5896970527
5.405405405405405e-05,26.82225664870041,0.04461072288650616,1243014.0328781626,1242981.6709331626
5.4354354354354346e-05,26.97077730871935,0.04486668098645744,1243015.1108007806,1242982.7488557806
5.4654654654654646e-05,27.119290911775998,0.04512271702457311,1243016.1853964492,1242983.823451449
5.495495495495495e-05,27.26779743118193,0.045378830759443385,1243017.2566517352,1242984.894706735
5.525525525525525e-05,27.41629684025181,0.04563502194868661,1243018.3245532282,1242985.962608228
5.555555555555555e-05,27.56478911230339,0.04589129034895078,1243019.3890875403,1242987.0271425403
5.585585585585585e-05,27.713274220657503,0.046147635715915264,1243020.4502413082,1242988.0882963082
5.615615615615615e-05,27.861752138638067,0.046404057804292576,1243021.5080011908,1242989.1460561908
5.645645645645645e-05,28.010222839572087,0.04666055636782995,1243022.5623538713,1242990.2004088713
5.675675675675675e-05,28.15868629678965,0.04691713115931115,1243023.613286056,1242991.251341056
5.705705705705705e-05,28.307142483623917,0.0471737819305581,1243024.6607844755,1242992.2988394755
5.735735735735735e-05,28.455591373411146,0.04743050843243271,1243025.7048358836,1242993.3428908836
5.7657657657657655e-05,28.604032939490672,0.04768731041483851,1243026.7454270588,1242994.3834820588
5.7957957957957955e-05,28.752467155204922,0.04794418762672246,1243027.782544803,1242995.420599803
5.8258258258258254e-05,28.90089399389939,0.04820113981607662,1243028.816175943,1242996.4542309428
5.8558558558558554e-05,29.049313428922673,0.04845816672994002,1243029.846307329,1242997.4843623287
5.8858858858858854e-05,29.19772543362644,0.0487152681144003,1243030.8729258361,1242998.510980836
5.915915915915915e-05,29.346129981365447,0.04897244371459561,1243031.896018365,1242999.534073365
5.945945945945945e-05,29.494527045497534,0.04922969327471625,1243032.9155718386,1243000.5536268386
5.975975975975975e-05,29.64291659938363,0.04948701653800656,1243033.931573207,1243001.5696282068
6.006006006006005e-05,29.79129861638773,0.04974441324676671,1243034.9440094437,1243002.5820644435
6.036036036036035e-05,29.93967306987695,0.05000188314235445,1243035.9528675475,1243003.5909225473
6.066066066066066e-05,30.088039933221445,0.05025942596518694,1243036.9581345422,1243004.5961895422
6.096096096096096e-05,30.236399179794482,0.05051704145474262,1243037.9597974776,1243005.5978524776
6.126126126126125e-05,30.3847507829724,0.05077472934956294,1243038.957843427,1243006.595898427
6.156156156156155e-05,30.533094716134634,0.051032489387254305,1243039.9522594912,1243007.5903144912
6.186186186186185e-05,30.681430952663685,0.05129032130448985,1243040.9430327949,1243008.5810877949
6.216216216216216e-05,30.829759465945163,0.0515482248370113,1243041.9301504889,1243009.5682054888
6.246246246246246e-05,30.978080229367734,0.05180619971963081,1243042.9135997505,1243010.5516547505
6.276276276276276e-05,31.126393216323166,0.05206424568623292,1243043.8933677815,1243011.5314227815
6.306306306306306e-05,31.2746984002063,0.05232236246977629,1243044.8694418108,1243012.5074968108
6.336336336336336e-05,31.422995754415076,0.052580549802295734,1243045.8418090926,1243013.4798640923
6.366366366366366e-05,31.5712852523505,0.05283880741490396,1243046.810456907,1243014.448511907
6.396396396396396e-05,31.719566867416674,0.0530971350377936,1243047.7753725613,1243015.413427561
6.426426426426426e-05,31.86784057302078,0.05335553240023899,1243048.7365433888,1243016.3745983886
6.456456456456456e-05,32.01610634257308,0.05361399923059821,1243049.693956749,1243017.332011749
6.486486486486486e-05,32.16436414948694,0.05387253525631496,1243050.6476000282,1243018.285655028
6.516516516516516e-05,32.31261396717878,0.054131140203920354,1243051.597460639,1243019.235515639
6.546546546546546e-05,32.46085576906812,0.05438981379903509,1243052.5435260215,1243020.1815810213
6.576576576576576e-05,32.609089528577556,0.05464855576637123,1243053.4857836422,1243021.123838642
6.606606606606606e-05,32.75731521913278,0.05490736582973419,1243054.4242209943,1243022.0622759943
6.636636636636636e-05,32.90553281416256,0.05516624371202475,1243055.358825599,1243022.996880599
6.666666666666666e-05,33.05374228709876,0.05542518913524091,1243056.289585004,1243023.9276400039
6.696696696696696e-05,33.201943611376294,0.055684201820479964,1243057.2164867842,1243024.8545417842
6.726726726726726e-05,33.3501367604332,0.05594328148794046,1243058.1395185427,1243025.7775735427
6.756756756756756e-05,33.49832170771058,0.05620242785692416,1243059.0586679094,1243026.6967229093
6.786786786786785e-05,33.64649842665262,0.056461640645838064,1243059.973922542,1243027.611977542
6.816816816816817e-05,33.7946668907066,0.056720919572196396,1243060.8852701262,1243028.5233251262
6.846846846846847e-05,33.94282707332286,0.0569802643526226,1243061.792698375,1243029.430753375
6.876876876876877e-05,34.090978947954866,0.05723967470285144,1243062.6961950297,1243030.3342500296
6.906906906906907e-05,34.23912248805911,0.057499150337730884,1243063.5957478595,1243031.2338028594
6.936936936936937e-05,34.38725766709523,0.057758690971224325,1243064.4913446626,1243032.1293996624
6.966966966966967e-05,34.5353844585259,0.05801829631641243,1243065.3829732635,1243033.0210282633
6.996996996996997e-05,34.683502835816896,0.058277966085495306,1243066.2706215167,1243033.9086765167
7.027027027027026e-05,34.83161277243709,0.05853769998979457,1243067.1542773051,1243034.792332305
7.057057057057056e-05,34.97971424185842,0.058797497739755324,1243068.033928539,1243035.671983539
7.087087087087086e-05,35.127807217555905,0.05905735904494827,1243068.9095631584,1243036.5476181582
7.117117117117116e-05,35.27589167300766,0.05931728361407183,1243069.7811691316,1243037.4192241316
7.147147147147146e-05,35.423967581694896,0.05957727115495417,1243070.648734456,1243038.2867894557
7.177177177177176e-05,35.572034917101874,0.059837321374555316,1243071.5122471573,1243039.1503021573
7.207207207207206e-05,35.72009365271596,0.06009743397896926,1243072.3716952915,1243040.0097502915
7.237237237237236e-05,35.86814376202761,0.06035760867342605,1243073.2270669427,1243040.8651219427
7.267267267267266e-05,36.01618521853034,0.06061784516229395,1243074.0783502243,1243041.7164052243
7.297297297297296e-05,36.164217995720776,0.0608781431490815,1243074.9255332798,1243042.5635882798
7.327327327327326e-05,36.31224206709861,0.06113850233643967,1243075.7686042814,1243043.406659281
7.357357357357356e-05,36.46025740616663,0.06139892242616406,1243076.6075514313,1243044.2456064313
7.387387387387386e-05,36.60826398643071,0.0616594031191969,1243077.442362961,1243045.0804179609
7.417417417417417e-05,36.756261781399786,0.06191994411562936,1243078.2730271318,1243045.9110821318
7.447447447447447e-05,36.904250764585896,0.06218054511470359,1243079.0995322356,1243046.7375872356
7.477477477477477e-05,37.05223090950415,0.062441205814814944,1243079.9218665934,1243047.5599215932
7.507507507507507e-05,37.200202189672765,0.06270192591351416,1243080.7400185561,1243048.378073556
7.537537537537537e-05,37.34816457861301,0.06296270510750947,1243081.5539765058,1243049.1920315058
7.567567567567567e-05,37.49611804984927,0.06322354309266892,1243082.363728854,1243050.0017838539
7.597597597597597e-05,37.64406257690899,0.0634844395640224,1243083.1692640425,1243050.8073190423
7.627627627627627e-05,37.791998133322714,0.06374539421576395,1243083.9705705438,1243051.6086255435
7.657657657657657e-05,37.939924692624054,0.06400640674125395,1243084.7676368614,1243052.4056918612
7.687687687687687e-05,38.087842228349714,0.06426747683302136,1243085.5604515288,1243053.1985065287
7.717717717717717e-05,38.235750714039504,0.06452860418276588,1243086.3490031103,1243053.98705811
7.747747747747747e-05,38.38365012323627,0.06478978848136016,1243087.1332802007,1243054.7713352006
7.777777777777777e-05,38.531540429485986,0.06505102941885217,1243087.913271427,1243055.551326427
7.807807807807807e-05,38.679421606337684,0.06531232668446733,1243088.688965446,1243056.327020446
7.837837837837837e-05,38.82729362734348,0.06557367996661079,1243089.4603509465,1243057.0984059465
7.867867867867867e-05,38.97515646605861,0.06583508895286969,1243090.2274166474,1243057.8654716474
7.897897897897897e-05,39.12301009604134,0.06609655333001539,1243090.9901512996,1243058.6282062996
7.927927927927927e-05,39.270854490853054,0.06635807278400581,1243091.7485436855,1243059.3865986853
7.957957957957957e-05,39.41868962405821,0.06661964699998764,1243092.5025826192,1243060.1406376192
7.987987987987988e-05,39.56651546922437,0.06688127566229875,1243093.252256946,1243060.8903119457
8.018018018018018e-05,39.71433199992213,0.06714295845447021,1243093.9975555423,1243061.635610542
8.048048048048048e-05,39.86213918972521,0.06740469505922891,1243094.7384673173,1243062.3765223173
8.078078078078078e-05,40.009937012210436,0.06766648515849968,1243095.4749812125,1243063.1130362125
8.108108108108108e-05,40.157725440957655,0.06792832843340768,1243096.2070861994,1243063.8451411992
8.138138138138138e-05,40.30550444954983,0.06819022456428053,1243096.934771283,1243064.5728262828
8.168168168168168e-05,40.45327401157302,0.06845217323065098,1243097.6580255013,1243065.2960805013
8.198198198198198e-05,40.60103410061636,0.06871417411125896,1243098.3768379225,1243066.0148929222
8.228228228228228e-05,40.74878469027205,0.06897622688405398,1243099.0911976479,1243066.7292526478
8.258258258258257e-05,40.8965257541354,0.06923833122619756,1243099.801093812,1243067.439148812
8.288288288288287e-05,41.04425726580479,0.06950048681406551,1243100.5065155816,1243068.1445705816
8.318318318318317e-05,41.19197919888168,0.06976269332325029,1243101.2074521554,1243068.8455071552
8.348348348348347e-05,41.33969152697063,0.07002495042856341,1243101.9038927655,1243069.5419477655
8.378378378378377e-05,41.487394223679274,0.0702872578040378,1243102.5958266759,1243070.2338816759
8.408408408408407e-05,41.63508726261831,0.07054961512293008,1243103.2832431847,1243070.9212981847
8.438438438438437e-05,41.78277061740157,0.07081202205772318,1243103.9661316224,1243071.6041866224
8.468468468468467e-05,41.93044426164592,0.07107447828012849,1243104.6444813528,1243072.2825363528
8.498498498498497e-05,42.07810816897133,0.07133698346108842,1243105.3182817725,1243072.9563367725
8.528528528528527e-05,42.22576231300088,0.0715995372707787,1243105.9875223115,1243073.6255773113
8.558558558558557e-05,42.37340666736066,0.07186213937861086,1243106.6521924334,1243074.2902474331
8.588588588588588e-05,42.521041205679936,0.07212478945323461,1243107.3122816344,1243074.9503366344
8.618618618618618e-05,42.668665901590984,0.07238748716254033,1243107.967779446,1243075.6058344457
8.648648648648648e-05,42.8162807287292,0.07265023217366136,1243108.6186754315,1243076.2567304315
8.678678678678678e-05,42.963885660733055,0.07291302415297665,1243109.264959189,1243076.903014189
8.708708708708708e-05,43.11148067124413,0.07317586276611304,1243109.90662035,1243077.5446753497
8.738738738738738e-05,43.25906573390703,0.07343874767794768,1243110.5436485792,1243078.181703579
8.768768768768768e-05,43.4066408223695,0.07370167855261066,1243111.176033576,1243078.814088576
8.798798798798798e-05,43.554205910282334,0.07396465505348729,1243111.8037650755,1243079.4418200755
8.828828828828828e-05,43.70176097129945,0.07422767684322082,1243112.426832844,1243080.0648878438
8.858858858858858e-05,43.8493059790778,0.07449074358371455,1243113.045226683,1243080.683281683
8.888888888888888e-05,43.99684090727745,0.07475385493613465,1243113.6589364295,1243081.2969914295
8.918918918918918e-05,44.14436572956155,0.07501701056091246,1243114.267951954,1243081.9060069537
8.948948948948948e-05,44.291880419596325,0.07528021011774709,1243114.872263161,1243082.510318161
8.978978978978978e-05,44.43938495105108,0.07554345326560778,1243115.4718599906,1243083.1099149904
9.009009009009008e-05,44.58687929759822,0.07580673966273661,1243116.0667324173,1243083.704787417
9.039039039039038e-05,44.73436343291322,0.07607006896665082,1243116.6568704497,1243084.2949254496
9.069069069069068e-05,44.88183733067464,0.07633344083414545,1243117.2422641325,1243084.8803191322
9.099099099099098e-05,45.029300964564136,0.07659685492129584,1243117.8229035437,1243085.4609585437
9.129129129129128e-05,45.17675430826644,0.07686031088346014,1243118.398778798,1243086.0368337978
9.159159159159158e-05,45.32419733546935,0.07712380837528185,1243118.9698800438,1243086.6079350438
9.189189189189189e-05,45.471630019863774,0.07738734705069238,1243119.5361974654,1243087.1742524654
9.219219219219219e-05,45.6190523351437,0.07765092656291359,1243120.0977212826,1243087.7357762826
9.249249249249249e-05,45.766464255006184,0.0779145465644604,1243120.6544417501,1243088.2924967501
9.279279279279279e-05,45.913865753151384,0.07817820670714327,1243121.206349158,1243088.844404158
9.309309309309309e-05,46.06125680328254,0.07844190664207082,1243121.7534338317,1243089.3914888317
9.339339339339339e-05,46.20863737910595,0.07870564601965234,1243122.2956861334,1243089.9337411332
9.369369369369369e-05,46.35600745433104,0.07896942448960054,1243122.8330964595,1243090.4711514595
9.399399399399399e-05,46.50336700267029,0.07923324170093389,1243123.365655243,1243091.003710243
9.429429429429429e-05,46.65071599783925,0.07949709730197943,1243123.8933529528,1243091.5314079525
9.459459459459459e-05,46.79805441355659,0.07976099094037525,1243124.416180093,1243092.054235093
9.489489489489488e-05,46.94538222354405,0.08002492226307314,1243124.9341272048,1243092.5721822048
9.519519519519518e-05,47.09269940152645,0.08028889091634121,1243125.4471848642,1243093.0852398642
9.549549549549548e-05,47.24000592123168,0.08055289654576636,1243125.9553436846,1243093.5933986846
9.579579579579578e-05,47.38730175639075,0.08081693879625723,1243126.4585943155,1243094.0966493154
9.609609609609608e-05,47.53458688073773,0.08108101731204652,1243126.956927442,1243094.594982442
9.639639639639638e-05,47.681861268009754,0.0813451317366937,1243127.4503337857,1243095.0883887857
9.669669669669668e-05,47.82912489194709,0.08160928171308772,1243127.9388041056,1243095.5768591056
9.699699699699698e-05,47.97637772629305,0.08187346688344967,1243128.4223291962,1243096.0603841962
9.729729729729728e-05,48.12361974479405,0.08213768688933526,1243128.9008998892,1243096.5389548892
9.75975975975976e-05,48.270850921199575,0.0824019413716377,1243129.3745070538,1243097.0125620535
9.78978978978979e-05,48.41807122926221,0.08266622997059028,1243129.8431415944,1243097.4811965942
9.81981981981982e-05,48.5652806427376,0.0829305523257689,1243130.3067944527,1243097.9448494527
9.84984984984985e-05,48.71247913538449,0.08319490807609495,1243130.7654566087,1243098.4035116087
9.879879879879879e-05,48.85966668096473,0.08345929685983793,1243131.2191190785,1243098.8571740785
9.909909909909909e-05,49.006843253243204,0.08372371831461801,1243131.667772915,1243099.305827915
9.939939939939939e-05,49.15400882598793,0.08398817207740895,1243132.111409209,1243099.7494642087
9.969969969969969e-05,49.301163372969974,0.08425265778454057,1243132.5500190877,1243100.1880740877
9.999999999999999e-05,49.4483068679635,0.08451717507170162,1243132.983593717,1243100.621648717
0.00010030030030030029,49.595439284745765,0.08478172357394238,1243133.4121242987,1243101.0501792987
0.00010060060060060059,49.74256059709708,0.08504630292567743,1243133.8356020737,1243101.4736570735
0.00010090090090090089,49.88967077880089,0.08531091276068836,1243134.2540183188,1243101.8920733188
0.00010120120120120119,50.036769803643665,0.08557555271212647,1243134.6673643503,1243102.3054193503
0.00010150150150150149,50.18385764541501,0.08584022241251561,1243135.0756315207,1243102.7136865207
0.00010180180180180179,50.33093427790758,0.08610492149375468,1243135.4788112207,1243103.1168662207
0.00010210210210210209,50.47799967491713,0.08636964958712065,1243135.8768948796,1243103.5149498796
0.00010240240240240239,50.625053810242484,0.08663440632327107,1243136.2698739644,1243103.9079289644
0.00010270270270270269,50.77209665768558,0.08689919133224708,1243136.6577399797,1243104.2957949797
0.00010300300300300299,50.9191281910514,0.08716400424347583,1243137.0404844675,1243104.6785394675
0.00010330330330330329,51.06614838414802,0.0874288446857735,1243137.4180990106,1243105.0561540104
0.0001036036036036036,51.21315721078666,0.08769371228734815,1243137.7905752272,1243105.4286302272
0.0001039039039039039,51.36015464478153,0.08795860667580208,1243138.1579047756,1243105.7959597753
0.0001042042042042042,51.507140659949975,0.08822352747813506,1243138.520079352,1243106.1581343517
0.0001045045045045045,51.65411523011242,0.08848847432074683,1243138.8770906902,1243106.5151456902
0.0001048048048048048,51.80107832909237,0.08875344682944004,1243139.2289305644,1243106.8669855644
0.0001051051051051051,51.948029930716416,0.08901844462942296,1243139.5755907863,1243107.2136457863
0.0001054054054054054,52.09497000881423,0.08928346734531234,1243139.917063206,1243107.555118206
0.0001057057057057057,52.24189853721857,0.08954851460113614,1243140.253339713,1243107.891394713
0.000106006006006006,52.38881548976528,0.0898135860203364,1243140.5844122355,1243108.2224672355
0.0001063063063063063,52.53572084029328,0.09007868122577208,1243140.9102727405,1243108.5483277405
0.0001066066066066066,52.682614562644574,0.09034379983972174,1243141.230913234,1243108.868968234
0.0001069069069069069,52.829496630664266,0.0906089414838866,1243141.5463257614,1243109.1843807613
0.0001072072072072072,52.97636701820052,0.09087410577939313,1243141.8565024068,1243109.4945574068
0.0001075075075075075,53.12322569910461,0.09113929234679607,1243142.1614352933,1243109.7994902933
0.0001078078078078078,53.27007264723086,0.0914045008060811,1243142.4611165836,1243110.0991715835
0.0001081081081081081,53.41690783643673,0.0916697307766679,1243142.7555384804,1243110.3935934803
0.00010840840840840839,53.56373124058269,0.09193498187741277,1243143.0446932244,1243110.6827482241
0.00010870870870870869,53.71054283353237,0.09220025372661167,1243143.3285730972,1243110.966628097
0.00010900900900900899,53.85734258915244,0.09246554594200299,1243143.6071704184,1243111.2452254184
0.00010930930930930929,54.00413048131265,0.09273085814077035,1243143.8804775483,1243111.5185325483
0.0001096096096096096,54.15090648388587,0.09299618993954574,1243144.1484868873,1243111.7865418873
0.0001099099099099099,54.29767057074801,0.09326154095441203,1243144.4111908742,1243112.0492458742
0.0001102102102102102,54.4444227157781,0.0935269108009061,1243144.6685819884,1243112.3066369884
0.0001105105105105105,54.591162892858236,0.09379229909402167,1243144.9206527492,1243112.5587077492
0.0001108108108108108,54.7378910758736,0.09405770544821215,1243145.1673957154,1243112.8054507154
0.0001111111111111111,54.88460723871245,0.09432312947739356,1243145.4088034863,1243113.0468584863
0.0001114114114114114,55.03131135526614,0.09458857079494744,1243145.6448687015,1243113.2829237012
0.0001117117117117117,55.17800339942912,0.09485402901372378,1243145.8755840391,1243113.513639039
0.000112012012012012,55.32468334509889,0.09511950374604375,1243146.1009422196,1243113.7389972196
0.0001123123123123123,55.471351166176056,0.09538499460370296,1243146.320936003,1243113.958991003
0.0001126126126126126,55.61800683656431,0.09565050119797404,1243146.5355581886,1243114.1736131886
0.0001129129129129129,55.76465033017042,0.09591602313960972,1243146.7448016175,1243114.3828566174
0.0001132132132132132,55.91128162090424,0.09618156003884577,1243146.9486591704,1243114.5867141702
0.0001135135135135135,56.05790068267871,0.09644711150540385,1243147.147123769,1243114.785178769
0.0001138138138138138,56.20450748940984,0.09671267714849456,1243147.3401883752,1243114.978243375
0.0001141141141141141,56.35110201501675,0.09697825657682024,1243147.5278459918,1243115.1659009918
0.0001144144144144144,56.497684233421616,0.09724384939857805,1243147.710089662,1243115.348144662
0.0001147147147147147,56.644254118549725,0.09750945522146284,1243147.886912471,1243115.524967471
0.000115015015015015,56.79081164432942,0.09777507365267017,1243148.0583075432,1243115.6963625432
0.00011531531531531531,56.93735678469217,0.09804070429889918,1243148.224268044,1243115.862323044
0.00011561561561561561,57.08388951357246,0.09830634676635557,1243148.3847871812,1243116.0228421811
0.00011591591591591591,57.230409804907914,0.09857200066075464,1243148.5398582024,1243116.1779132022
0.00011621621621621621,57.376917632639234,0.0988376655873243,1243148.689474397,1243116.3275293969
0.00011651651651651651,57.5234129707102,0.09910334115080788,1243148.8336290948,1243116.4716840948
0.00011681681681681681,57.669895793067646,0.0993690269554672,1243148.9723156674,1243116.6103706674
0.00011711711711711711,57.81636607366155,0.09963472260508562,1243149.1055275276,1243116.7435825274
0.00011741741741741741,57.96282378644491,0.09990042770297088,1243149.2332581284,1243116.8713131284
0.00011771771771771771,58.10926890537385,0.10016614185195825,1243149.3555009668,1243116.9935559668
0.00011801801801801801,58.255701404407574,0.10043186465441352,1243149.4722495787,1243117.1103045787
0.0001183183183183183,58.402121257508355,0.10069759571223579,1243149.5834975422,1243117.221552542
0.0001186186186186186,58.54852843864155,0.10096333462686075,1243149.6892384775,1243117.3272934773
0.0001189189189189189,58.69492292177562,0.10122908099926355,1243149.7894660458,1243117.4275210458
0.0001192192192192192,58.84130468088208,0.10149483442996184,1243149.884173951,1243117.522228951
0.0001195195195195195,58.98767368993557,0.10176059451901877,1243149.973355937,1243117.611410937
0.0001198198198198198,59.13402992291376,0.10202636086604605,1243150.057005791,1243117.695060791
0.0001201201201201201,59.28037335379745,0.10229213307020696,1243150.135117342,1243117.7731723418
0.0001204204204204204,59.42670395657051,0.10255791073021941,1243150.2076844594,1243117.8457394594
0.0001207207207207207,59.57302170521987,0.10282369344435892,1243150.274701056,1243117.912756056
0.000121021021021021,59.71932657373559,0.10308948081046168,1243150.3361610868,1243117.9742160868
0.00012132132132132132,59.865618536110794,0.10335527242592768,1243150.3920585474,1243118.0301135473
0.00012162162162162162,60.011897566341645,0.10362106788772356,1243150.4423874768,1243118.0804424766
0.00012192192192192191,60.15816363842745,0.1038868667923859,1243150.4871419559,1243118.1251969556
0.00012222222222222221,60.30441672637059,0.10415266873602413,1243150.5263161073,1243118.1643711072
0.0001225225225225225,60.4506568041765,0.10441847331432359,1243150.5599040962,1243118.1979590962
0.00012282282282282281,60.59688384585374,0.10468428012254868,1243150.587900131,1243118.225955131
0.0001231231231231231,60.743097825413905,0.10495008875554585,1243150.6102984608,1243118.2483534608
0.0001234234234234234,60.88929871687172,0.10521589880774666,1243150.6270933785,1243118.2651483782
0.0001237237237237237,61.03548649424497,0.10548170987317096,1243150.6382792194,1243118.2763342191
0.000124024024024024,61.18166113155454,0.10574752154542989,1243150.6438503605,1243118.2819053603
0.00012432432432432433,61.32782260282438,0.10601333341772894,1243150.6438012219,1243118.2818562218
0.0001246246246246246,61.473970882081495,0.10627914508287106,1243150.638126267,1243118.2761812669
0.00012492492492492492,61.620105943356066,0.10654495613325989,1243150.6268200004,1243118.2648750003
0.0001252252252252252,61.76622776068126,0.10681076616090251,1243150.6098769708,1243118.2479319707
0.00012552552552552552,61.9123363080934,0.107076574757413,1243150.5872917695,1243118.2253467694
0.0001258258258258258,62.058431559631835,0.10734238151401508,1243150.5590590301,1243118.19711403
0.00012612612612612612,62.20451348933906,0.10760818602154563,1243150.5251734292,1243118.1632284292
0.0001264264264264264,62.350582071260575,0.10787398787045742,1243150.4856296866,1243118.1236846866
0.00012672672672672672,62.496637279445046,0.10813978665082256,1243150.4404225661,1243118.078477566
0.000127027027027027,62.64267908794417,0.10840558195233538,1243150.3895468723,1243118.0276018723
0.00012732732732732732,62.788707470812746,0.10867137336431565,1243150.3329974543,1243117.9710524543
0.0001276276276276276,62.93472240210864,0.1089371604757116,1243150.2707692047,1243117.9088242045
0.00012792792792792792,63.08072385589284,0.10920294287510335,1243150.2028570587,1243117.8409120587
0.0001282282282282282,63.22671180622937,0.1094687201507056,1243150.1292559952,1243117.7673109951
0.00012852852852852852,63.37268622718539,0.10973449189037116,1243150.0499610351,1243117.688016035
0.0001288288288288288,63.51864709283109,0.1100002576815937,1243149.9649672438,1243117.6030222438
0.00012912912912912912,63.66459437723977,0.11026601711151135,1243149.8742697306,1243117.5123247306
0.0001294294294294294,63.810528054487826,0.11053176976690941,1243149.777863647,1243117.415918647
0.00012972972972972972,63.95644809865472,0.11079751523422378,1243149.6757441892,1243117.3137991892
0.00013003003003003,64.102354483823,0.11106325309954401,1243149.5679065958,1243117.2059615955
0.00013033033033033032,64.24824718407831,0.11132898294861641,1243149.4543461483,1243117.0924011483
0.00013063063063063063,64.39412617350936,0.11159470436684729,1243149.3350581748,1243116.9731131746
0.00013093093093093092,64.53999142620795,0.1118604169393061,1243149.2100380445,1243116.8480930445
0.00013123123123123123,64.68584291626897,0.11212612025072863,1243149.0792811706,1243116.7173361704
0.00013153153153153152,64.83168061779038,0.1123918138855199,1243148.9427830107,1243116.5808380104
0.00013183183183183183,64.97750450487327,0.11265749742775791,1243148.8005390665,1243116.4385940663
0.00013213213213213211,65.12331455162172,0.11292317046119615,1243148.652544882,1243116.290599882
0.00013243243243243243,65.26911073214299,0.11318883256926726,1243148.4987960474,1243116.1368510472
0.0001327327327327327,65.4148930205474,0.11345448333508604,1243148.3392881944,1243115.9773431944
0.00013303303303303303,65.5606613909483,0.1137201223414525,1243148.1740170007,1243115.8120720007
0.0001333333333333333,65.7064158174622,0.11398574917085537,1243148.0029781866,1243115.6410331866
0.00013363363363363363,65.85215627420865,0.11425136340547487,1243147.8261675166,1243115.4642225164
0.0001339339339339339,65.99788273531027,0.11451696462718629,1243147.6435808004,1243115.2816358004
0.00013423423423423422,66.14359517489278,0.11478255241756297,1243147.4552138906,1243115.0932688906
0.0001345345345345345,66.28929356708501,0.11504812635787955,1243147.2610626847,1243114.8991176845
0.00013483483483483482,66.43497788601886,0.11531368602911517,1243147.0611231243,1243114.6991781243
0.0001351351351351351,66.5806481058293,0.11557923101195669,1243146.8553911953,1243114.493446195
0.00013543543543543542,66.72630420065437,0.11584476088680183,1243146.6438629273,1243114.281917927
0.0001357357357357357,66.87194614463525,0.11611027523376251,1243146.4265343945,1243114.0645893945
0.00013603603603603602,67.01757391191612,0.11637577363266788,1243146.2034017164,1243113.8414567164
0.00013633633633633634,67.16318747664434,0.11664125566306774,1243145.974461056,1243113.612516056
0.00013663663663663662,67.30878681297028,0.11690672090423557,1243145.7397086208,1243113.3777636208
0.00013693693693693693,67.45437189504744,0.11717216893517188,1243145.4991406626,1243113.1371956626
0.00013723723723723722,67.59994269703235,0.11743759933460735,1243145.252753479,1243112.890808479
0.00013753753753753753,67.7454991930847,0.11770301168100619,1243145.0005434097,1243112.6385984097
0.00013783783783783782,67.89104135736719,0.11796840555256909,1243144.7425068417,1243112.3805618414
0.00013813813813813813,68.03656916404564,0.11823378052723682,1243144.4786402052,1243112.116695205
0.00013843843843843842,68.18208258728893,0.11849913618269312,1243144.2089399754,1243111.8469949753
0.00013873873873873873,68.32758160126912,0.11876447209636831,1243143.933402672,1243111.571457672
0.00013903903903903902,68.47306618016117,0.119029787845442,1243143.6520248596,1243111.2900798596
0.00013933933933933933,68.61853629814333,0.119295083006847,1243143.3648031482,1243111.0028581482
0.00013963963963963962,68.76399192939678,0.11956035715727195,1243143.0717341912,1243110.709789191
0.00013993993993993993,68.90943304810585,0.11982560987316487,1243142.7728146873,1243110.4108696873
0.00014024024024024022,69.05485962845793,0.12009084073073642,1243142.4680413813,1243110.1060963813
0.00014054054054054053,69.20027164464352,0.12035604930596307,1243142.1574110622,1243109.7954660621
0.00014084084084084082,69.3456690708562,0.12062123517459042,1243141.8409205633,1243109.478975563
0.00014114114114114113,69.4910518812926,0.12088639791213635,1243141.5185667637,1243109.1566217635
0.00014144144144144141,69.6364200501525,0.12115153709389442,1243141.1903465868,1243108.8284015865
0.00014174174174174173,69.78177355163866,0.12141665229493698,1243140.8562570014,1243108.4943120014
0.00014204204204204204,69.92711235995704,0.12168174309011855,1243140.5162950219,1243108.1543500219
0.00014234234234234233,70.07243644931658,0.12194680905407902,1243140.1704577082,1243107.808512708
0.00014264264264264264,70.21774579392942,0.12221184976124709,1243139.818742163,1243107.456797163
0.00014294294294294293,70.36304036801064,0.12247686478584315,1243139.461145536,1243107.0992005358
0.00014324324324324324,70.50832014577855,0.12274185370188298,1243139.0976650224,1243106.7357200223
0.00014354354354354353,70.65358510145444,0.1230068160831808,1243138.7282978622,1243106.3663528622
0.00014384384384384384,70.79883520926273,0.12327175150335261,1243138.3530413397,1243105.9910963394
0.00014414414414414412,70.94407044343089,0.12353665953581933,1243137.9718927857,1243105.6099477855
0.00014444444444444444,71.08929077818954,0.12380153975381039,1243137.5848495762,1243105.2229045762
0.00014474474474474472,71.2344961877723,0.12406639173036667,1243137.191909132,1243104.829964132
0.00014504504504504504,71.37968664641593,0.12433121503834407,1243136.7930689198,1243104.4311239196
0.00014534534534534532,71.52486212836025,0.12459600925041651,1243136.3883264512,1243104.0263814512
0.00014564564564564564,71.6700226078482,0.12486077393907956,1243135.977679284,1243103.615734284
0.00014594594594594592,71.81516805912574,0.1251255086766534,1243135.561125022,1243103.1991800216
0.00014624624624624624,71.96029845644202,0.12539021303528647,1243135.1386613105,1243102.7767163105
0.00014654654654654652,72.10541377404905,0.12565488658695814,1243134.710285846,1243102.348340846
0.00014684684684684683,72.25051398620225,0.125919528903483,1243134.2759963681,1243101.9140513681
0.00014714714714714712,72.39559906715988,0.12618413955651317,1243133.8357906598,1243101.4738456598
0.00014744744744744743,72.54066899118334,0.12644871811754216,1243133.3896665527,1243101.0277215526
0.00014774774774774772,72.68572373253713,0.12671326415790793,1243132.9376219236,1243100.5756769236
0.00014804804804804803,72.83076326548888,0.12697777724879658,1243132.4796546937,1243100.1177096937
0.00014834834834834835,72.9757875643092,0.127242256961245,1243132.0157628309,1243099.6538178308
0.00014864864864864863,73.1207966032719,0.12750670286614488,1243131.545944349,1243099.1839993487
0.00014894894894894895,73.26579035665378,0.1277711145342455,1243131.0701973047,1243098.7082523045
0.00014924924924924923,73.41076879873472,0.1280354915361572,1243130.588519805,1243098.2265748049
0.00014954954954954954,73.55573190379779,0.12829983344235496,1243130.10091,1243097.7389649998
0.00014984984984984983,73.70067964612906,0.12856413982318124,1243129.6073660855,1243097.2454210853
0.00015015015015015014,73.84561200001767,0.12882841024884972,1243129.1078863044,1243096.7459413044
0.00015045045045045043,73.9905289397559,0.1290926442894484,1243128.6024689444,1243096.2405239444
0.00015075075075075074,74.1354304396391,0.1293568415149429,1243128.0911123387,1243095.7291673385
0.00015105105105105103,74.28031647396566,0.12962100149517986,1243127.5738148673,1243095.211869867
0.00015135135135135134,74.4251870170371,0.12988512379989028,1243127.050574956,1243094.688629956
0.00015165165165165163,74.570042043158,0.1301492079986928,1243126.5213910772,1243094.1594460772
0.00015195195195195194,74.71488152663606,0.13041325366109718,1243125.986261748,1243093.624316748
0.00015225225225225223,74.85970544178204,0.13067726035650729,1243125.4451855312,1243093.0832405312
0.00015255255255255254,75.00451376290977,0.1309412276542247,1243124.8981610357,1243092.5362160357
0.00015285285285285283,75.14930646433612,0.13120515512345188,1243124.3451869187,1243091.9832419187
0.00015315315315315314,75.29408352038118,0.13146904233329582,1243123.7862618808,1243091.4243168808
0.00015345345345345343,75.438844905368,0.13173288885277093,1243123.2213846701,1243090.85943967
0.00015375375375375374,75.58359059362277,0.13199669425080277,1243122.6505540807,1243090.2886090807
0.00015405405405405405,75.72832055947478,0.1322604580962311,1243122.0737689505,1243089.7118239505
0.00015435435435435434,75.8730347772563,0.13252417995781324,1243121.4910281664,1243089.1290831661
0.00015465465465465465,76.01773322130282,0.1327878594042277,1243120.9023306614,1243088.5403856612
0.00015495495495495494,76.16241586595285,0.13305149600407726,1243120.3076754117,1243087.9457304117
0.00015525525525525525,76.30708268554795,0.13331508932589223,1243119.707061442,1243087.345116442
0.00015555555555555554,76.45173365443281,0.13357863893813404,1243119.1004878238,1243086.7385428238
0.00015585585585585585,76.59636874695522,0.13384214440919853,1243118.4879536733,1243086.1260086733
0.00015615615615615614,76.74098793746603,0.13410560530741916,1243117.869458153,1243085.507513153
0.00015645645645645645,76.88559120031914,0.13436902120107047,1243117.2450004716,1243084.8830554713
0.00015675675675675673,77.03017850987158,0.1346323916583713,1243116.6145798846,1243084.2526348843
0.00015705705705705705,77.17474984048346,0.13489571624748842,1243115.9781956936,1243083.6162506933
0.00015735735735735733,77.31930516651792,0.13515899453653943,1243115.3358472462,1243082.973902246
0.00015765765765765765,77.46384446234131,0.13542222609359672,1243114.6875339372,1243082.325588937
0.00015795795795795793,77.60836770232288,0.1356854104866901,1243114.0332552062,1243081.6713102062
0.00015825825825825825,77.75287486083519,0.13594854728381092,1243113.37301054,1243081.0110655397
0.00015855855855855853,77.89736591225363,0.13621163605291461,1243112.7067994708,1243080.3448544706
0.00015885885885885884,78.04184083095689,0.13647467636192476,1243112.0346215782,1243079.672676578
0.00015915915915915913,78.18629959132656,0.13673766777873594,1243111.3564764895,1243078.9945314894
0.00015945945945945944,78.33074216774756,0.13700060987121773,1243110.672363875,1243078.3104188747
0.00015975975975975976,78.47516853460763,0.13726350220721703,1243109.982283453,1243077.620338453
0.00016006006006006004,78.61957866629777,0.13752634435456249,1243109.2862349881,1243076.924289988
0.00016036036036036036,78.76397253721191,0.137789135881067,1243108.5842182916,1243076.2222732913
0.00016066066066066064,78.90835012174722,0.13805187635453184,1243107.876233222,1243075.5142882217
0.00016096096096096096,79.05271139430394,0.13831456534274947,1243107.162279682,1243074.800334682
0.00016126126126126124,79.19705632928529,0.13857720241350707,1243106.4423576216,1243074.0804126214
0.00016156156156156155,79.34138490109757,0.13883978713458975,1243105.7164670378,1243073.3545220378
0.00016186186186186184,79.4856970841503,0.1391023190737844,1243104.984607975,1243072.622662975
0.00016216216216216215,79.62999285285602,0.13936479779888247,1243104.246780522,1243071.8848355217
0.00016246246246246244,79.7742721816303,0.1396272228776837,1243103.5029848136,1243071.1410398136
0.00016276276276276275,79.91853504489183,0.13988959387799918,1243102.7532210327,1243070.3912760327
0.00016306306306306304,80.06278141706235,0.14015191036765498,1243101.9974894093,1243069.6355444093
0.00016336336336336335,80.2070112725668,0.14041417191449562,1243101.2357902194,1243068.8738452191
0.00016366366366366364,80.35122458583314,0.14067637808638708,1243100.4681237827,1243068.1061787826
0.00016396396396396395,80.4954213312923,0.14093852845122024,1243099.6944904681,1243067.3325454681
0.00016426426426426424,80.63960148337844,0.14120062257691443,1243098.9148906919,1243066.5529456916
0.00016456456456456455,80.78376501652878,0.14146266003142086,1243098.1293249144,1243065.7673799144
0.00016486486486486484,80.92791190518358,0.1417246403827256,1243097.3377936431,1243064.975848643
0.00016516516516516515,81.07204212378619,0.14198656319885322,1243096.5402974323,1243064.1783524323
0.00016546546546546544,81.21615564678305,0.1422484280478702,1243095.7368368842,1243063.3748918842
0.00016576576576576575,81.36025244862375,0.14251023449788822,1243094.927412645,1243062.565467645
0.00016606606606606606,81.50433250376085,0.14277198211706743,1243094.1120254092,1243061.750080409
0.00016636636636636635,81.6483957866501,0.14303367047362006,1243093.2906759167,1243060.9287309167
0.00016666666666666666,81.79244227175022,0.14329529913581346,1243092.463364954,1243060.101419954
0.00016696696696696695,81.93647193352311,0.14355686767197373,1243091.630093356,1243059.268148356
0.00016726726726726726,82.08048474643374,0.14381837565048908,1243090.7908620017,1243058.4289170015
0.00016756756756756755,82.22448068495012,0.144079822639813,1243089.9456718178,1243057.5837268177
0.00016786786786786786,82.3684597235434,0.14434120820846796,1243089.094523777,1243056.7325787768
0.00016816816816816815,82.51242183668771,0.14460253192504824,1243088.2374188988,1243055.8754738988
0.00016846846846846846,82.65636699886042,0.144863793358224,1243087.3743582508,1243055.0124132505
0.00016876876876876874,82.80029518454185,0.14512499207674406,1243086.5053429436,1243054.1433979436
0.00016906906906906906,82.94420636821548,0.1453861276494396,1243085.6303741378,1243053.2684291378
0.00016936936936936934,83.08810052436783,0.14564719964522738,1243084.749453039,1243052.3875080387
0.00016966966966966966,83.23197762748853,0.1459082076331132,1243083.8625808991,1243051.5006358991
0.00016996996996996994,83.37583765207032,0.14616915118219526,1243082.969759016,1243050.6078140158
0.00017027027027027026,83.5196805726089,0.14643002986166723,1243082.0709887366,1243049.7090437366
0.00017057057057057054,83.66350636360323,0.14669084324082235,1243081.166271452,1243048.804326452
0.00017087087087087086,83.80731499955525,0.1469515908890559,1243080.2556086006,1243047.8936636003
0.00017117117117117114,83.95110645496999,0.1472122723758693,1243079.3390016677,1243046.9770566677
0.00017147147147147145,84.09488070435557,0.14747288727087307,1243078.4164521843,1243046.0545071843
0.00017177177177177177,84.23863772222322,0.14773343514379028,1243077.487961728,1243045.1260167276
0.00017207207207207205,84.3823774830872,0.1479939155644599,1243076.5535319236,1243044.1915869233
0.00017237237237237237,84.5260999614649,0.14825432810284048,1243075.6131644433,1243043.2512194433
0.00017267267267267265,84.66980513187681,0.14851467232901305,1243074.6668610033,1243042.304916003
0.00017297297297297297,84.81349296884645,0.1487749478131847,1243073.7146233667,1243041.3526783667
0.00017327327327327325,84.95716344690041,0.14903515412569193,1243072.7564533458,1243040.3945083455
0.00017357357357357357,85.1008165405685,0.14929529083700424,1243071.7923527975,1243039.4304077975
0.00017387387387387385,85.24445222438345,0.14955535751772706,1243070.822323624,1243038.4603786238
0.00017417417417417416,85.38807047288114,0.14981535373860538,1243069.8463677757,1243037.4844227755
0.00017447447447447445,85.53167126060052,0.15007527907052712,1243068.8644872499,1243036.5025422496
0.00017477477477477476,85.6752545620837,0.15033513308452656,1243067.876684089,1243035.514739089
0.00017507507507507505,85.81882035187579,0.15059491535178743,1243066.882960382,1243034.521015382
0.00017537537537537536,85.96236860452495,0.1508546254436465,1243065.8833182647,1243033.5213732645
0.00017567567567567565,86.10589929458251,0.15111426293159685,1243064.8777599202,1243032.5158149202
0.00017597597597597596,86.2494123966029,0.1513738273872915,1243063.8662875774,1243031.5043425772
0.00017627627627627625,86.39290788514356,0.15163331838254626,1243062.8489035098,1243030.4869585098
0.00017657657657657656,86.53638573476502,0.1518927354893435,1243061.8256100402,1243029.46366504
0.00017687687687687685,86.67984592003091,0.1521520782798354,1243060.7964095366,1243028.4344645364
0.00017717717717717716,86.82328841550799,0.1524113463263473,1243059.761304414,1243027.399359414
0.00017747747747747747,86.96671319576606,0.15267053920138113,1243058.7202971317,1243026.3583521317
0.00017777777777777776,87.11012023537796,0.15292965647761841,1243057.6733901976,1243025.3114451973
0.00017807807807807807,87.25350950891973,0.1531886977279243,1243056.6205861652,1243024.2586411652
0.00017837837837837836,87.39688099097032,0.15344766252535016,1243055.5618876342,1243023.1999426342
0.00017867867867867867,87.54023465611195,0.15370655044313766,1243054.4972972523,1243022.1353522523
0.00017897897897897896,87.68357047892985,0.15396536105472167,1243053.426817711,1243021.064872711
0.00017927927927927927,87.82688843401232,0.15422409393373357,1243052.3504517484,1243019.988506748
0.00017957957957957956,87.97018849595068,0.15448274865400485,1243051.2682021505,1243018.9062571505
0.00017987987987987987,88.11347063933948,0.15474132478957048,1243050.1800717495,1243017.8181267495
0.00018018018018018016,88.25673483877623,0.154999821914672,1243049.0860634234,1243016.7241184234
0.00018048048048048047,88.39998106886165,0.15525823960376126,1243047.986180095,1243015.6242350948
0.00018078078078078076,88.54320930419934,0.15551657743150304,1243046.8804247347,1243014.5184797347
0.00018108108108108107,88.68641951939622,0.15577483497277958,1243045.7688003613,1243013.4068553613
0.00018138138138138135,88.82961168906215,0.15603301180269274,1243044.6513100362,1243012.289365036
0.00018168168168168167,88.97278578781012,0.15629110749656816,1243043.5279568674,1243011.1660118673
0.00018198198198198195,89.1159417902561,0.15654912162995782,1243042.3987440118,1243010.0367990118
0.00018228228228228227,89.25907967101938,0.15680705377864462,1243041.2636746715,1243008.9017296715
0.00018258258258258255,89.4021994047221,0.1570649035186443,1243040.122752092,1243007.7608070918
0.00018288288288288287,89.54530096598958,0.15732267042620982,1243038.9759795684,1243006.6140345682
0.00018318318318318315,89.6883843294502,0.15758035407783405,1243037.82336044,1243005.46141544
0.00018348348348348346,89.8314494697355,0.15783795405025375,1243036.6648980957,1243004.3029530954
0.00018378378378378378,89.97449636148002,0.15809546992045245,1243035.500595964,1243003.138650964
0.00018408408408408406,90.11752497932139,0.15835290126566356,1243034.330457524,1243001.9685125237
0.00018438438438438438,90.26053529790033,0.15861024766337445,1243033.1544863014,1243000.792541301
0.00018468468468468466,90.40352729186068,0.15886750869132923,1243031.972685866,1242999.6107408658
0.00018498498498498498,90.54650093584937,0.15912468392753223,1243030.7850598341,1242998.4231148341
0.00018528528528528526,90.68945620451632,0.1593817729502513,1243029.5916118682,1242997.2296668682
0.00018558558558558558,90.83239307251466,0.15963877533802126,1243028.392345677,1242996.0304006767
0.00018588588588588586,90.97531151450048,0.15989569066964696,1243027.187265014,1242994.8253200138
0.00018618618618618617,91.11821150513305,0.16015251852420706,1243025.9763736806,1242993.6144286806
0.00018648648648648646,91.26109301907468,0.16040925848105686,1243024.7596755235,1242992.3977305235
0.00018678678678678677,91.40395603099083,0.16066591011983214,1243023.5371744335,1242991.1752294332
0.00018708708708708706,91.54680051554985,0.16092247302045168,1243022.3088743496,1242989.9469293493
0.00018738738738738737,91.68962644742345,0.16117894676312178,1243021.0747792565,1242988.7128342562
0.00018768768768768766,91.83243380128624,0.16143533092833837,1243019.8348931817,1242987.4729481817
0.00018798798798798797,91.97522255181593,0.16169162509689103,1243018.5892202028,1242986.2272752027
0.00018828828828828826,92.11799267369335,0.16194782884986622,1243017.337764441,1242984.9758194408
0.00018858858858858857,92.26074414160243,0.16220394176865047,1243016.0805300632,1242983.718585063
0.00018888888888888886,92.40347693023017,0.16245996343493366,1243014.817521283,1242982.4555762827
0.00018918918918918917,92.54619101426661,0.16271589343071255,1243013.5487423588,1242981.1867973586
0.00018948948948948948,92.68888636840492,0.1629717313382939,1243012.2741975945,1242979.9122525943
0.00018978978978978977,92.83156296734134,0.1632274767402977,1243010.99389134,1242978.6319463397
0.00019009009009009008,92.97422078577517,0.16348312921966074,1243009.707827993,1242977.345882993
0.00019039039039039037,93.11685979840891,0.16373868835963998,1243008.4160119935,1242976.0540669933
0.00019069069069069068,93.25947997994797,0.16399415374381524,1243007.1184478274,1242974.7565028274
0.00019099099099099097,93.40208130510092,0.16424952495609313,1243005.8151400294,1242973.4531950294
0.00019129129129129128,93.54466374857947,0.16450480158071026,1243004.506093178,1242972.1441481777
0.00019159159159159157,93.68722728509834,0.1647599832022363,1243003.191311895,1242970.829366895
0.00019189189189189188,93.8297718893754,0.16501506940557736,1243001.8708008497,1242969.5088558495
0.00019219219219219217,93.97229753613149,0.16527005977597933,1243000.5445647573,1242968.1826197573
0.00019249249249249248,94.11480420009065,0.16552495389903124,1242999.2126083784,1242966.8506633784
0.00019279279279279277,94.25729185597996,0.16577975136066833,1242997.8749365185,1242965.5129915182
0.00019309309309309308,94.3997604785296,0.16603445174717577,1242996.5315540282,1242964.169609028
0.00019339339339339336,94.54221004247273,0.16628905464519123,1242995.1824658038,1242962.8205208038
0.00019369369369369368,94.68464052254583,0.16654355964170903,1242993.8276767875,1242961.4657317873
0.00019399399399399396,94.82705189348823,0.1667979663240827,1242992.4671919646,1242960.1052469644
0.00019429429429429428,94.96944413004243,0.16705227428002853,1242991.101016368,1242958.7390713678
0.00019459459459459456,95.11181720695399,0.16730648309762894,1242989.7291550764,1242957.3672100762
0.00019489489489489488,95.25417109897163,0.1675605923653358,1242988.3516132112,1242955.9896682112
0.0001951951951951952,95.39650578084706,0.16781460167197332,1242986.9683959414,1242954.6064509414
0.00019549549549549548,95.53882122733518,0.16806851060674188,1242985.579508479,1242953.217563479
0.0001957957957957958,95.68111741319385,0.16832231875922063,1242984.1849560814,1242951.8230110812
0.00019609609609609607,95.82339431318405,0.16857602571937141,1242982.7847440531,1242950.4227990531
0.0001963963963963964,95.96565190206994,0.16882963107754165,1242981.3788777427,1242949.0169327427
0.00019669669669669667,96.10789015461864,0.16908313442446768,1242979.9673625424,1242947.6054175424
0.000196996996996997,96.25010904560045,0.16933653535127804,1242978.5502038905,1242946.1882588903
0.00019729729729729727,96.39230854978865,0.1695898334494966,1242977.1274072705,1242944.7654622705
0.00019759759759759759,96.53448864195971,0.1698430283110462,1242975.6989782113,1242943.3370332113
0.00019789789789789787,96.67664929689315,0.17009611952825135,1242974.2649222843,1242941.902977284
0.00019819819819819818,96.81879048937148,0.1703491066938419,1242972.8252451087,1242940.4633001084
0.00019849849849849847,96.96091219418042,0.17060198940095606,1242971.3799523471,1242939.0180073471
0.00019879879879879878,97.10301438610878,0.1708547672431439,1242969.9290497073,1242937.5671047072
0.00019909909909909907,97.24509703994835,0.17110743981437027,1242968.4725429397,1242936.1105979397
0.00019939939939939938,97.38716013049404,0.17136000670901813,1242967.0104378427,1242934.6484928427
0.00019969969969969967,97.52920363254387,0.17161246752189208,1242965.5427402584,1242933.1807952581
0.00019999999999999998,97.67122752089895,0.17186482184822113,1242964.0694560728,1242931.7075110725
0.00020030030030030027,97.81323177036347,0.1721170692836624,1242962.5905912158,1242930.2286462157
0.00020060060060060058,97.95521635574468,0.17236920942430387,1242961.1061516635,1242928.7442066632
0.00020090090090090087,98.09718125185287,0.17262124186666797,1242959.6161434357,1242927.2541984355
0.00020120120120120118,98.23912643350155,0.1728731662077147,1242958.1205725975,1242925.7586275975
0.0002015015015015015,98.38105187550721,0.17312498204484483,1242956.6194452578,1242924.2575002578
0.00020180180180180178,98.52295755268943,0.17337668897590305,1242955.1127675683,1242922.7508225683
0.0002021021021021021,98.6648434398709,0.17362828659918125,1242953.6005457286,1242921.2386007286
0.00020240240240240238,98.80670951187739,0.1738797745134219,1242952.082785981,1242919.7208409808
0.0002027027027027027,98.94855574353772,0.17413115231782092,1242950.5594946097,1242918.1975496097
0.00020300300300300298,99.09038210968387,0.17438241961203108,1242949.0306779465,1242916.6687329465
0.0002033033033033033,99.2321885851508,0.1746335759961653,1242947.4963423668,1242915.1343973668
0.00020360360360360358,99.37397514477667,0.17488462107079963,1242945.956494289,1242913.594549289
0.0002039039039039039,99.51574176340262,0.17513555443697665,1242944.4111401767,1242912.0491951767
0.00020420420420420418,99.65748841587293,0.17538637569620846,1242942.8602865364,1242910.4983415364
0.0002045045045045045,99.79921507703497,0.17563708445048007,1242941.3039399195,1242908.9419949194
0.00020480480480480478,99.94092172173913,0.17588768030225238,1242939.742106922,1242907.380161922
0.0002051051051051051,100.08260832483899,0.17613816285446568,1242938.174794183,1242905.8128491829
0.00020540540540540537,100.22427486119113,0.17638853171054253,1242936.6020083851,1242904.2400633849
0.0002057057057057057,100.3659213056552,0.1766387864743909,1242935.0237562547,1242902.6618112545
0.00020600600600600597,100.50754763309399,0.1768889267504077,1242933.4400445644,1242901.0780995644
0.0002063063063063063,100.6491538183734,0.17713895214348177,1242931.8508801288,1242899.4889351288
0.00020660660660660657,100.79073983636235,0.1773888622589969,1242930.2562698058,1242897.8943248056
0.00020690690690690689,100.93230566193284,0.1776386567028351,1242928.6562204966,1242896.2942754964
0.0002072072072072072,101.07385126995999,0.17788833508137988,1242927.0507391472,1242894.6887941472
0.00020750750750750749,101.21537663532192,0.17813789700151914,1242925.4398327495,1242893.0778877495
0.0002078078078078078,101.35688173290004,0.178387342070649,1242923.8235083353,1242891.461563335
0.00020810810810810808,101.49836653757862,0.17863666989667576,1242922.2017729785,1242889.8398279785
0.0002084084084084084,101.6398310242451,0.17888588008802025,1242920.5746338032,1242888.212688803
0.00020870870870870868,101.78127516779003,0.1791349722536203,1242918.9420979703,1242886.5801529703
0.000209009009009009,101.92269894310704,0.17938394600293409,1242917.304172688,1242884.942227688
0.00020930930930930928,102.06410232509279,0.17963280094594322,1242915.6608652049,1242883.2989202049
0.0002096096096096096,102.20548528864708,0.17988153669315587,1242914.0121828148,1242881.6502378148
0.00020990990990990988,102.34684780867272,0.18013015285560996,1242912.3581328557,1242879.9961878557
0.0002102102102102102,102.48818986007569,0.18037864904487638,1242910.6987227078,1242878.3367777078
0.00021051051051051048,102.62951141776509,0.18062702487306195,1242909.033959793,1242876.672014793
0.0002108108108108108,102.77081245665295,0.18087527995281252,1242907.3638515763,1242875.001906576
0.00021111111111111108,102.91209295165444,0.18112341389731607,1242905.6884055685,1242873.3264605682
0.0002114114114114114,103.0533528776879,0.18137142632030623,1242904.0076293233,1242871.6456843233
0.00021171171171171168,103.19459220967471,0.18161931683606497,1242902.3215304331,1242869.9595854331
0.000212012012012012,103.33581092253928,0.18186708505942561,1242900.6301165365,1242868.2681715365
0.00021231231231231228,103.47700899120912,0.18211473060577632,1242898.933395316,1242866.5714503159
0.0002126126126126126,103.61818639061491,0.18236225309106316,1242897.2313744943,1242864.8694294943
0.0002129129129129129,103.75934309569033,0.18260965213179278,1242895.5240618377,1242863.1621168375
0.0002132132132132132,103.90047908137211,0.182856927345036,1242893.811465155,1242861.449520155
0.0002135135135135135,104.04159432260019,0.18310407834843054,1242892.0935922994,1242859.7316472994
0.0002138138138138138,104.18268879431747,0.1833511047601844,1242890.370451164,1242858.008506164
0.0002141141141141141,104.32376247147002,0.1835980061990787,1242888.642049686,1242856.280104686
0.0002144144144144144,104.46481532900694,0.1838447822844709,1242886.9083958452,1242854.5464508452
0.0002147147147147147,104.60584734188046,0.18409143263629785,1242885.169497664,1242852.8075526638
0.000215015015015015,104.74685848504583,0.18433795687507878,1242883.4253632058,1242851.0634182056
0.0002153153153153153,104.88784873346145,0.1845843546219185,1242881.6760005772,1242849.314055577
0.0002156156156156156,105.02881806208876,0.18483062549851031,1242879.9214179271,1242847.5594729271
0.0002159159159159159,105.16976644589232,0.1850767691271393,1242878.1616234463,1242845.7996784463
0.0002162162162162162,105.31069385983969,0.18532278513068492,1242876.3966253693,1242844.0346803693
0.0002165165165165165,105.45160027890168,0.18556867313262493,1242874.626431971,1242842.2644869708
0.00021681681681681679,105.59248567805199,0.18581443275703724,1242872.851051567,1242840.4891065666
0.0002171171171171171,105.73335003226757,0.18606006362860403,1242871.0704925186,1242838.7085475186
0.00021741741741741739,105.87419331652828,0.18630556537261408,1242869.2847632265,1242836.9228182265
0.0002177177177177177,106.01501550581725,0.18655093761496636,1242867.4938721342,1242835.131927134
0.00021801801801801798,106.15581657512055,0.18679617998217243,1242865.6978277273,1242833.335882727
0.0002183183183183183,106.29659649942747,0.18704129210136022,1242863.8966385312,1242831.5346935312
0.00021861861861861858,106.4373552537302,0.18728627360027625,1242862.0903131147,1242829.7283681147
0.0002189189189189189,106.5780928130242,0.18753112410728923,1242860.2788600882,1242827.9169150882
0.0002192192192192192,106.7188091523079,0.18777584325139293,1242858.4622881047,1242826.1003431045
0.0002195195195195195,106.85950424658282,0.18802043066220908,1242856.6406058564,1242824.2786608564
0.0002198198198198198,107.00017807085362,0.18826488596999047,1242854.8138220774,1242822.4518770773
0.0002201201201201201,107.140830600128,0.18850920880562383,1242852.981945545,1242820.620000545
0.0002204204204204204,107.28146180941678,0.18875339880063313,1242851.1449850767,1242818.7830400767
0.0002207207207207207,107.42207167373383,0.18899745558718217,1242849.302949532,1242816.9410045317
0.000221021021021021,107.5626601680961,0.18924137879807792,1242847.455847809,1242815.093902809
0.0002213213213213213,107.70322726752366,0.18948516806677318,1242845.6036888512,1242813.2417438512
0.0002216216216216216,107.84377294703964,0.18972882302736999,1242843.7464816396,1242811.3845366396
0.0002219219219219219,107.9842971816702,0.18997234331462187,1242841.884235198,1242809.5222901977
0.0002222222222222222,108.12479994644474,0.1902157285639379,1242840.0169585918,1242807.6550135917
0.0002225225225225225,108.26528121639555,0.1904589784113845,1242838.1446609248,1242805.7827159248
0.0002228228228228228,108.40574096655817,0.19070209249368936,1242836.2673513452,1242803.9054063451
0.0002231231231231231,108.54617917197112,0.19094507044824371,1242834.3850390287,1242802.0230940287
0.0002234234234234234,108.68659580767519,0.1911879119131041,1242832.4977310023,1242800.1357860023
0.0002237237237237237,108.82699084853394,0.19143061652667975,1242830.6054352422,1242798.2434902422
0.000224024024024024,108.96736426948782,0.19167318392818228,1242828.708163796,1242796.346218796
0.0002243243243243243,109.10771604563199,0.19191561375776567,1242826.8059278768,1242794.4439828768
0.0002246246246246246,109.24804615206658,0.1921579056562657,1242824.8987369207,1242792.5367919204
0.00022492492492492492,109.38835456389661,0.1924000592652029,1242822.9866004023,1242790.624655402
0.0002252252252252252,109.52864125623205,0.19264207422678525,1242821.069527837,1242788.707582837
0.00022552552552552551,109.66890620418779,0.19288395018391155,1242819.1475287823,1242786.7855837822
0.0002258258258258258,109.80914938288367,0.1931256867801739,1242817.2206128333,1242784.8586678333
0.00022612612612612611,109.94937076744446,0.19336728365986075,1242815.288789627,1242782.9268446267
0.0002264264264264264,110.08957033299981,0.19360874046795992,1242813.3520688396,1242780.9901238396
0.0002267267267267267,110.22974805468439,0.1938500568501614,1242811.4104601876,1242779.0485151876
0.000227027027027027,110.3699039076377,0.1940912324528602,1242809.463973428,1242777.1020284279
0.0002273273273273273,110.51003786700429,0.19433226692315936,1242807.5126183575,1242775.1506733575
0.0002276276276276276,110.6501499079335,0.19457315990887278,1242805.556404812,1242773.194459812
0.0002279279279279279,110.79024000557972,0.1948139110585281,1242803.5953426668,1242771.2333976668
0.0002282282282282282,110.9303081351022,0.19505452002136947,1242801.6294418385,1242769.2674968382
0.0002285285285285285,111.07035427166517,0.19529498644736074,1242799.6587122825,1242767.2967672825
0.0002288288288288288,111.21037839043774,0.19553530998718785,1242797.6831639933,1242765.321218993
0.0002291291291291291,111.350380466594,0.19577549029226227,1242795.7028070055,1242763.3408620055
0.0002294294294294294,111.49036047531293,0.19601552701472322,1242793.7176513916,1242761.3557063916
0.0002297297297297297,111.63031839177847,0.196255419807441,1242791.7277072675,1242759.3657622673
0.00023003003003003,111.77025419117946,0.19649516832401975,1242789.7329847836,1242757.3710397836
0.0002303303303303303,111.91016784870973,0.19673477221880017,1242787.7334941318,1242755.3715491316
0.00023063063063063062,112.05005933956798,0.19697423114686236,1242785.7292455428,1242753.3673005428
0.0002309309309309309,112.18992863895784,0.19721354476402864,1242783.7202492862,1242751.3583042861
0.00023123123123123122,112.32977572208792,0.19745271272686665,1242781.7065156717,1242749.3445706717
0.0002315315315315315,112.4696005641717,0.19769173469269175,1242779.6880550468,1242747.3261100468
0.00023183183183183182,112.60940314042767,0.19793061031957027,1242777.6648777975,1242745.3029327975
0.0002321321321321321,112.74918342607917,0.19816933926632174,1242775.6369943495,1242743.2750493493
0.00023243243243243242,112.88894139635454,0.1984079211925225,1242773.6044151674,1242741.2424701673
0.0002327327327327327,113.02867702648696,0.19864635575850773,1242771.5671507525,1242739.2052057523
0.00023303303303303302,113.16839029171466,0.19888464262537459,1242769.5252116472,1242737.163266647
0.0002333333333333333,113.3080811672807,0.19912278145498516,1242767.478608431,1242735.1166634308
0.00023363363363363362,113.44774962843312,0.19936077190996887,1242765.4273517218,1242733.0654067216
0.0002339339339339339,113.58739565042487,0.19959861365372555,1242763.371452177,1242731.009507177
0.00023423423423423422,113.72701920851387,0.1998363063504282,1242761.3109204897,1242728.9489754897
0.0002345345345345345,113.86662027796288,0.2000738496650254,1242759.245767394,1242726.8838223938
0.00023483483483483482,114.00619883403972,0.20031124326324462,1242757.1760036617,1242724.8140586617
0.0002351351351351351,114.14575485201703,0.2005484868115946,1242755.1016401006,1242722.7396951006
0.00023543543543543541,114.28528830717245,0.20078557997736818,1242753.0226875572,1242720.6607425571
0.0002357357357357357,114.4247991747885,0.201022522428645,1242750.9391569179,1242718.5772119178
0.00023603603603603601,114.56428743015267,0.20125931383429452,1242748.8510591064,1242716.4891141064
0.0002363363363363363,114.70375304855736,0.20149595386397845,1242746.7584050805,1242714.3964600803
0.0002366366366366366,114.84319600529992,0.20173244218815342,1242744.6612058396,1242712.2992608396
0.00023693693693693693,114.9826162756826,0.20196877847807412,1242742.5594724198,1242710.1975274198
0.0002372372372372372,115.1220138350126,0.20220496240579555,1242740.4532158943,1242708.0912708943
0.00023753753753753753,115.26138865860204,0.20244099364417611,1242738.3424473738,1242705.9805023738
0.0002378378378378378,115.400740721768,0.20267687186687997,1242736.227178006,1242703.865233006
0.00023813813813813812,115.54006999983248,0.20291259674838014,1242734.107418976,1242701.745473976
0.0002384384384384384,115.67937646812236,0.2031481679639607,1242731.9831815064,1242699.6212365064
0.00023873873873873872,115.81866010196953,0.2033835851897201,1242729.8544768586,1242697.4925318584
0.000239039039039039,115.95792087671074,0.2036188481025733,1242727.7213163269,1242695.3593713266
0.00023933933933933932,116.09715876768774,0.2038539563802546,1242725.5837112456,1242693.2217662456
0.0002396396396396396,116.23637375024715,0.2040889097013205,1242723.441672986,1242691.0797279857
0.00023993993993993992,116.37556579974057,0.2043237077451522,1242721.295212955,1242688.9332679547
0.0002402402402402402,116.51473489152447,0.20455835019195825,1242719.1443425955,1242686.7823975955
0.00024054054054054052,116.65388100096031,0.20479283672277734,1242716.9890733901,1242684.6271283901
0.0002408408408408408,116.79300410341445,0.20502716701948073,1242714.8294168538,1242682.4674718538
0.00024114114114114112,116.93210417425819,0.20526134076477512,1242712.6653845427,1242680.3034395424
0.0002414414414414414,117.07118118886774,0.20549535764220528,1242710.4969880455,1242678.1350430455
0.00024174174174174172,117.21023512262431,0.20572921733615643,1242708.3242389888,1242675.9622939886
0.000242042042042042,117.34926595091395,0.20596291953185714,1242706.147149035,1242673.785204035
0.00024234234234234232,117.48827364912769,0.20619646391538177,1242703.965729883,1242671.603784883
0.00024264264264264263,117.62725819266149,0.20642985017365326,1242701.7799932675,1242669.4180482675
0.00024294294294294292,117.76621955691621,0.20666307799444547,1242699.5899509601,1242667.2280059601
0.00024324324324324323,117.9051577172977,0.2068961470663863,1242697.3956147677,1242665.0336697677
0.00024354354354354352,118.04407264921666,0.20712905707895948,1242695.1969965308,1242662.8350515307
0.00024384384384384383,118.1829643280888,0.20736180772250795,1242692.9941081302,1242660.63216313
0.0002441441441441441,118.32183272933472,0.20759439868823606,1242690.7869614784,1242658.4250164784
0.00024444444444444443,118.46067782837996,0.2078268296682121,1242688.5755685247,1242656.2136235246
0.00024474474474474474,118.59949960065498,0.20805910035537103,1242686.3599412553,1242653.997996255
0.000245045045045045,118.73829802159514,0.208291210443517,1242684.1400916895,1242651.7781466895
0.0002453453453453453,118.87707306664086,0.20852315962732595,1242681.9160318833,1242649.554086883
0.00024564564564564563,119.01582471123733,0.20875494760234803,1242679.687773927,1242647.325828927
0.00024594594594594594,119.15455293083475,0.20898657406501023,1242677.4553299486,1242645.0933849486
0.0002462462462462462,119.29325770088825,0.20921803871261904,1242675.2187121077,1242642.8567671075
0.0002465465465465465,119.4319389968579,0.20944934124336276,1242672.9779326,1242640.6159876
0.0002468468468468468,119.57059679420865,0.20968048135631426,1242670.733003658,1242638.371058658
0.00024714714714714714,119.70923106841046,0.20991145875143322,1242668.483937546,1242636.1219925457
0.0002474474474474474,119.8478417949381,0.21014227312956887,1242666.2307465638,1242633.8688015637
0.0002477477477477477,119.98642894927141,0.21037292419246245,1242663.9734430495,1242631.6114980495
0.000248048048048048,120.1249925068951,0.21060341164274993,1242661.7120393708,1242629.3500943708
0.00024834834834834834,120.26353244329877,0.21083373518396384,1242659.4465479308,1242627.0846029306
0.00024864864864864865,120.402048733977,0.2110638945205365,1242657.1769811697,1242624.8150361697
0.0002489489489489489,120.54054135442927,0.21129388935780216,1242654.9033515595,1242622.5414065593
0.0002492492492492492,120.67901028016004,0.21152371940199952,1242652.6256716072,1242620.2637266072
0.00024954954954954954,120.81745548667868,0.21175338436027424,1242650.343953854,1242617.9820088537
0.00024984984984984985,120.95587694949946,0.21198288394068124,1242648.0582108735,1242615.6962658733
0.0002501501501501501,121.09427464414156,0.21221221785218738,1242645.7684552765,1242613.4065102763
0.0002504504504504504,121.23264854612921,0.21244138580467395,1242643.474699704,1242611.1127547037
0.00025075075075075073,121.37099863099147,0.21267038750893874,1242641.1769568343,1242608.8150118343
0.00025105105105105105,121.50932487426233,0.21289922267669903,1242638.875239376,1242606.513294376
0.0002513513513513513,121.64762725148073,0.21312789102059337,1242636.569560073,1242604.2076150728
0.0002516516516516516,121.78590573819058,0.2133563922541847,1242634.2599317029,1242601.8979867026
0.00025195195195195193,121.92416030994067,0.2135847260919622,1242631.9463670757,1242599.5844220757
0.00025225225225225225,122.06239094228475,0.21381289224934408,1242629.6288790356,1242597.2669340353
0.0002525525525525525,122.20059761078144,0.2140408904426797,1242627.3074804582,1242594.9455354582
0.0002528528528528528,122.33878029099439,0.21426872038925218,1242624.9821842557,1242592.6202392555
0.00025315315315315313,122.47693895849213,0.21449638180728092,1242622.6530033706,1242590.2910583704
0.00025345345345345344,122.6150735888481,0.21472387441592344,1242620.3199507773,1242587.9580057773
0.0002537537537537537,122.75318415764066,0.21495119793527825,1242617.9830394853,1242585.6210944853
0.000254054054054054,122.8912706404532,0.2151783520863872,1242615.642282537,1242583.2803375367
0.00025435435435435433,123.02933301287395,0.2154053365912376,1242613.2976930055,1242580.9357480055
0.00025465465465465464,123.16737125049606,0.21563215117276477,1242610.9492839985,1242578.5873389984
0.00025495495495495496,123.30538532891768,0.21585879555485435,1242608.5970686544,1242576.2351236544
0.0002552552552552552,123.44337522374182,0.21608526946234446,1242606.2410601443,1242573.8791151443
0.00025555555555555553,123.58134091057651,0.21631157262102851,1242603.8812716722,1242571.519326672
0.00025585585585585584,123.71928236503462,0.21653770475765693,1242601.5177164746,1242569.1557714744
0.00025615615615615615,123.85719956273398,0.21676366559994006,1242599.1504078193,1242566.788462819
0.0002564564564564564,123.99509247929736,0.21698945487654994,1242596.7793590052,1242564.417414005
0.0002567567567567567,124.1329610903525,0.21721507231712311,1242594.404583365,1242562.042638365
0.00025705705705705704,124.27080537153198,0.2174405176522626,1242592.0260942625,1242559.6641492625
0.00025735735735735735,124.4086252984734,0.21766579061354036,1242589.6439050925,1242557.2819600925
0.0002576576576576576,124.54642084681919,0.21789089093349934,1242587.2580292816,1242554.8960842816
0.0002579579579579579,124.68419199221684,0.21811581834565624,1242584.8684802894,1242552.5065352893
0.00025825825825825824,124.82193871031869,0.21834057258450335,1242582.4752716038,1242550.1133266038
0.00025855855855855855,124.959660976782,0.2185651533855108,1242580.0784167475,1242547.7164717473
0.0002588588588588588,125.09735876726897,0.21878956048512926,1242577.6779292717,1242545.3159842717
0.0002591591591591591,125.2350320574468,0.21901379362079176,1242575.2738227597,1242542.9118777597
0.00025945945945945944,125.37268082298753,0.21923785253091613,1242572.8661108278,1242540.5041658278
0.00025975975975975975,125.51030503956818,0.21946173695490737,1242570.4548071187,1242538.0928621187
0.00026006006006006,125.64790468287065,0.2196854466331593,1242568.039925309,1242535.677980309
0.0002603603603603603,125.78547972858186,0.21990898130705772,1242565.6214791078,1242533.2595341075
0.00026066066066066063,125.92303015239361,0.22013234071898197,1242563.1994822498,1242530.8375372498
0.00026096096096096095,126.06055593000258,0.220355524612307,1242560.7739485044,1242528.412003504
0.00026126126126126126,126.19805703711049,0.2205785327314064,1242558.3448916695,1242525.9829466692
0.0002615615615615615,126.33553344942385,0.2208013648216535,1242555.9123255725,1242523.5503805724
0.00026186186186186183,126.47298514265425,0.22102402062942456,1242553.4762640754,1242521.1143190751
0.00026216216216216215,126.61041209251815,0.2212464999021005,1242551.0367210654,1242518.6747760654
0.00026246246246246246,126.7478142747369,0.2214688023880689,1242548.593710461,1242516.2317654607
0.0002627627627627627,126.8851916650368,0.22169092783672648,1242546.147246211,1242513.785301211
0.00026306306306306303,127.02254423914914,0.22191287599848122,1242543.697342296,1242511.3353972957
0.00026336336336336334,127.15987197281008,0.2221346466247544,1242541.2440127232,1242508.8820677232
0.00026366366366366366,127.29717484176072,0.22235623946798294,1242538.7872715315,1242506.4253265315
0.0002639639639639639,127.43445282174709,0.22257765428162107,1242536.327132787,1242503.965187787
0.00026426426426426423,127.57170588852017,0.22279889082014323,1242533.8636105882,1242501.501665588
0.00026456456456456454,127.70893401783587,0.22301994883904538,1242531.3967190608,1242499.0347740606
0.00026486486486486485,127.84613718545502,0.22324082809484785,1242528.9264723603,1242496.56452736
0.0002651651651651651,127.98331536714333,0.22346152834509672,1242526.4528846717,1242494.0909396715
0.0002654654654654654,128.12046853867156,0.22368204934836683,1242523.9759702086,1242491.6140252086
0.00026576576576576574,128.2575966758153,0.2239023908642629,1242521.495743214,1242489.1337982137
0.00026606606606606605,128.39469975435512,0.22412255265342232,1242519.0122179585,1242486.6502729584
0.00026636636636636637,128.5317777500765,0.22434253447751684,1242516.5254087427,1242484.1634637427
0.0002666666666666666,128.6688306387698,0.22456233609925497,1242514.0353298942,1242481.6733848942
0.00026696696696696694,128.80585839623043,0.22478195728238362,1242511.5419957715,1242479.1800507715
0.00026726726726726725,128.94286099825868,0.2250013977916908,1242509.04542076,1242476.68347576
0.00026756756756756756,129.07983842065968,0.22522065739300684,1242506.5456192729,1242474.1836742728
0.0002678678678678678,129.21679063924364,0.22543973585320717,1242504.0426057528,1242471.6806607526
0.00026816816816816814,129.3537176298256,0.22565863294021407,1242501.5363946687,1242469.1744496687
0.00026846846846846845,129.49061936822557,0.22587734842299842,1242499.0270005197,1242466.6650555194
0.00026876876876876876,129.62749583026846,0.22609588207158235,1242496.514437832,1242464.152492832
0.000269069069069069,129.76434699178412,0.22631423365704065,1242493.9987211581,1242461.6367761581
0.00026936936936936934,129.9011728286074,0.22653240295150318,1242491.4798650797,1242459.1179200795
0.00026966966966966965,130.03797331657796,0.22675038972815645,1242488.957884206,1242456.595939206
0.00026996996996996996,130.1747484315405,0.2269681937612463,1242486.4327931735,1242454.0708481732
0.0002702702702702702,130.31149814934457,0.22718581482607902,1242483.9046066457,1242451.5426616457
0.00027057057057057053,130.44822244584472,0.2274032526990242,1242481.3733393128,1242449.0113943128
0.00027087087087087085,130.58492129690038,0.22762050715751583,1242478.8390058933,1242446.4770608933
0.00027117117117117116,130.7215946783759,0.22783757798005497,1242476.301621132,1242443.9396761318
0.0002714714714714714,130.8582425661406,0.22805446494621123,1242473.761199801,1242441.3992548008
0.00027177177177177173,130.99486493606878,0.2282711678366252,1242471.2177566993,1242438.8558116993
0.00027207207207207204,131.1314617640395,0.2284876864330098,1242468.6713066518,1242436.3093616515
0.00027237237237237236,131.26803302593697,0.2287040205181527,1242466.121864511,1242433.759919511
0.00027267267267267267,131.40457869765015,0.22892016987591787,1242463.569445154,1242431.2075001537
0.00027297297297297293,131.54109875507297,0.22913613429124777,1242461.014063488,1242428.6521184877
0.00027327327327327324,131.67759317410443,0.22935191355016532,1242458.4557344418,1242426.0937894417
0.00027357357357357356,131.81406193064828,0.22956750743977528,1242455.8944729732,1242423.5325279732
0.00027387387387387387,131.95050500061328,0.22978291574826665,1242453.3302940668,1242420.9683490668
0.00027417417417417413,132.0869223599131,0.22999813826491458,1242450.763212731,1242418.401267731
0.00027447447447447444,132.22331398446642,0.23021317478008183,1242448.193244001,1242415.8312990007
0.00027477477477477475,132.35967985019673,0.230428025085221,1242445.6204029361,1242413.2584579359
0.00027507507507507507,132.4960199330325,0.230642688972876,1242443.0447046242,1242410.6827596242
0.0002753753753753753,132.63233420890717,0.23085716623668448,1242440.4661641782,1242408.1042191782
0.00027567567567567564,132.76862265375905,0.23107145667137927,1242437.8847967333,1242405.5228517333
0.00027597597597597595,132.90488524353145,0.23128556007279014,1242435.3006174525,1242402.9386724525
0.00027627627627627627,133.04112195417255,0.23149947623784584,1242432.7136415238,1242400.3516965238
0.0002765765765765765,133.17733276163543,0.23171320496457593,1242430.1238841603,1242397.7619391603
0.00027687687687687684,133.31351764187824,0.23192674605211244,1242427.5313605994,1242395.1694155992
0.00027717717717717715,133.44967657086391,0.23214009930069185,1242424.9360861036,1242392.5741411033
0.00027747747747747746,133.58580952456037,0.23235326451165664,1242422.3380759598,1242389.9761309598
0.0002777777777777777,133.7219164789405,0.23256624148745725,1242419.7373454801,1242387.37540048
0.00027807807807807804,133.8579974099821,0.2327790300316539,1242417.1339100013,1242384.7719650012
0.00027837837837837835,133.9940522936678,0.23299162994891828,1242414.5277848837,1242382.1658398837
0.00027867867867867866,134.13008110598534,0.23320404104503525,1242411.9189855126,1242379.5570405126
0.000278978978978979,134.26608382292727,0.23341626312690475,1242409.3075272967,1242376.9455822967
0.00027927927927927923,134.40206042049104,0.23362829600254326,1242406.693425669,1242374.331480669
0.00027957957957957955,134.53801087467917,0.23384013948108598,1242404.0766960885,1242371.7147510883
0.00027987987987987986,134.67393516149897,0.2340517933727883,1242401.457354034,1242369.095409034
0.0002801801801801802,134.8098332569628,0.23426325748902732,1242398.8354150117,1242366.4734700117
0.00028048048048048043,134.94570513708783,0.23447453164230395,1242396.210894549,1242363.8489495488
0.00028078078078078075,135.08155077789624,0.23468561564624443,1242393.5838081979,1242361.2218631979
0.00028108108108108106,135.21737015541515,0.234896509315602,1242390.9541715337,1242358.5922265337
0.00028138138138138137,135.35316324567654,0.2351072124662586,1242388.3220001548,1242355.9600551547
0.00028168168168168163,135.4889300247174,0.23531772491522665,1242385.687309683,1242353.3253646828
0.00028198198198198194,135.6246704685796,0.23552804648065065,1242383.0501157623,1242350.688170762
0.00028228228228228226,135.76038455330996,0.23573817698180877,1242380.4104340605,1242348.0484890603
0.00028258258258258257,135.89607225496022,0.23594811623911463,1242377.7682802682,1242345.406335268
0.00028288288288288283,136.03173354958705,0.23615786407411885,1242375.1236700974,1242342.7617250974
0.00028318318318318314,136.16736841325206,0.23636742030951077,1242372.476619285,1242340.114674285
0.00028348348348348346,136.30297682202183,0.2365767847691202,1242369.827143589,1242337.4651985888
0.00028378378378378377,136.4385587519678,0.2367859572779186,1242367.175258788,1242334.813313788
0.0002840840840840841,136.57411417916637,0.23699493766202107,1242364.520980685,1242332.1590356848
0.00028438438438438434,136.70964307969882,0.23720372574868784,1242361.8643251061,1242329.502380106
0.00028468468468468465,136.84514542965147,0.2374123213663261,1242359.205307898,1242326.8433628979
0.00028498498498498497,136.98062120511554,0.23762072434449125,1242356.5439449279,1242324.1819999279
0.0002852852852852853,137.1160703821871,0.2378289345138885,1242353.8802520859,1242321.5183070856
0.00028558558558558554,137.2514929369672,0.2380369517063746,1242351.2142452847,1242318.8523002847
0.00028588588588588585,137.38688884556186,0.2382447757549595,1242348.5459404583,1242316.1839954583
0.00028618618618618617,137.52225808408198,0.2384524064938076,1242345.8753535603,1242313.5134085603
0.0002864864864864865,137.6576006286434,0.23865984375823948,1242343.202500568,1242310.840555568
0.00028678678678678674,137.79291645536688,0.23886708738473347,1242340.5273974782,1242308.1654524782
0.00028708708708708705,137.9282055403782,0.2390741372109271,1242337.850060309,1242305.488115309
0.00028738738738738736,138.06346785980793,0.23928099307561862,1242335.1705051002,1242302.8085601002
0.0002876876876876877,138.19870338979166,0.2394876548187685,1242332.4887479118,1242300.1268029115
0.00028798798798798794,138.33391210646988,0.23969412228150097,1242329.8048048245,1242297.4428598245
0.00028828828828828825,138.46909398598805,0.23990039530610568,1242327.11869194,1242294.75674694
0.00028858858858858856,138.60424900449652,0.24010647373603877,1242324.43042538,1242292.0684803796
0.0002888888888888889,138.7393771381506,0.2403123574159248,1242321.740021287,1242289.3780762868
0.00028918918918918913,138.87447836311043,0.2405180461915578,1242319.0474958227,1242286.6855508226
0.00028948948948948945,139.00955265554126,0.24072353990990317,1242316.35286517,1242283.9909201697
0.00028978978978978976,139.14459999161312,0.2409288384190987,1242313.6561455321,1242281.2942005321
0.0002900900900900901,139.27962034750107,0.24113394156845644,1242310.9573531316,1242278.5954081316
0.0002903903903903904,139.41461369938503,0.24133884920846377,1242308.2565042102,1242275.8945592102
0.00029069069069069065,139.54958002344986,0.24154356119078496,1242305.5536150292,1242273.191670029
0.00029099099099099096,139.68451929588542,0.24174807736826268,1242302.8487018698,1242270.4867568698
0.00029129129129129127,139.8194314928864,0.24195239759491924,1242300.1417810337,1242267.7798360335
0.0002915915915915916,139.9543165906525,0.2421565217259581,1242297.432868841,1242265.070923841
0.00029189189189189184,140.08917456538828,0.24236044961776537,1242294.7219816297,1242262.3600366295
0.00029219219219219216,140.2240053933033,0.24256418112791076,1242292.0091357597,1242259.6471907594
0.00029249249249249247,140.35880905061205,0.24276771611514975,1242289.2943476066,1242256.9324026064
0.0002927927927927928,140.49358551353387,0.24297105443942385,1242286.577633567,1242254.2156885667
0.00029309309309309304,140.6283347582931,0.24317419596186304,1242283.8590100547,1242251.4970650545
0.00029339339339339336,140.76305676111903,0.24337714054478646,1242281.138493504,1242248.7765485037
0.00029369369369369367,140.89775149824584,0.2435798880517039,1242278.4161003653,1242246.054155365
0.000293993993993994,141.03241894591258,0.24378243834731725,1242275.691847109,1242243.3299021088
0.00029429429429429424,141.16705908036334,0.24398479129752162,1242272.9657502233,1242240.6038052232
0.00029459459459459455,141.30167187784713,0.24418694676940697,1242270.2378262142,1242237.875881214
0.00029489489489489487,141.43625731461782,0.24438890463125898,1242267.5080916053,1242235.146146605
0.0002951951951951952,141.57081536693426,0.2445906647525607,1242264.7765629385,1242232.4146179385
0.00029549549549549544,141.70534601106016,0.24479222700399358,1242262.043256774,1242229.681311774
0.00029579579579579575,141.83984922326434,0.24499359125743925,1242259.3081896896,1242226.9462446896
0.00029609609609609607,141.97432497982038,0.24519475738598004,1242256.5713782776,1242224.2094332774
0.0002963963963963964,142.1087732570068,0.24539572526390058,1242253.8328391511,1242221.4708941511
0.0002966966966966967,142.24319403110712,0.24559649476668943,1242251.0925889395,1242218.7306439395
0.00029699699699699695,142.37758727840975,0.24579706577103952,1242248.3506442881,1242215.988699288
0.00029729729729729726,142.51195297520812,0.24599743815485042,1242245.6070218624,1242213.2450768622
0.0002975975975975976,142.64629109780043,0.2461976117972285,1242242.861738339,1242210.499793339
0.0002978978978978979,142.7806016224899,0.24639758657848876,1242240.1148104174,1242207.7528654172
0.00029819819819819815,142.9148845255847,0.24659736238015598,1242237.3662548098,1242205.0043098095
0.00029849849849849846,143.04913978339795,0.2467969390849659,1242234.6160882462,1242202.2541432462
0.0002987987987987988,143.18336737224763,0.2469963165768662,1242231.8643274717,1242199.5023824717
0.0002990990990990991,143.31756726845663,0.24719549474101774,1242229.1109892493,1242196.7490442493
0.00029939939939939935,143.45173944835284,0.2473944734637961,1242226.3560903592,1242193.994145359
0.00029969969969969966,143.58588388826914,0.24759325263279236,1242223.5996475932,1242191.2377025932
0.0003,143.72000056454317,0.24779183213681424,1242222.2210423416,1242189.8590973415
